ID,FirstName,LastName,Email,Department,Salary,HireDate,City,State,Country
1,Liam,Rodriguez,liam.rodriguez1@company.com,Legal,82119,2019-08-30,San Jose,TX,USA
2,Olivia,Davis,olivia.davis2@company.com,Research,103072,2023-09-20,San Diego,TX,USA
3,Diana,Rodriguez,diana.rodriguez3@company.com,Research,119497,2022-12-18,San Diego,IL,USA
4,Steve,Gonzalez,steve.gonzalez4@company.com,IT,66131,2022-08-30,Houston,AZ,Canada
5,Olivia,Anderson,olivia.anderson5@company.com,Research,62768,2021-03-12,Houston,IL,Mexico
6,Henry,Hernandez,henry.hernandez6@company.com,HR,68466,2023-11-19,San Diego,AZ,USA
7,Steve,Martinez,steve.martinez7@company.com,Design,73556,2019-02-23,New York,TX,USA
8,Ivy,Anderson,ivy.anderson8@company.com,Design,48532,2022-07-27,Philadelphia,CA,USA
9,Jane,Smith,jane.smith9@company.com,IT,122393,2021-10-05,San Antonio,CA,USA
10,Diana,Martin,diana.martin10@company.com,Finance,60736,2022-12-05,Los Angeles,TX,USA
11,Bob,Garcia,bob.garcia11@company.com,Design,144942,2023-11-08,Houston,CA,USA
12,Bob,Jones,bob.jones12@company.com,IT,75546,2023-02-01,New York,TX,USA
13,Olivia,Jones,olivia.jones13@company.com,Operations,91269,2020-07-08,Philadelphia,TX,USA
14,Grace,Smith,grace.smith14@company.com,Legal,45200,2021-04-08,San Diego,CA,USA
15,Ivy,Moore,ivy.moore15@company.com,Sales,149514,2021-01-24,Los Angeles,TX,Mexico
16,Frank,Rodriguez,frank.rodriguez16@company.com,Legal,122860,2021-12-20,San Jose,TX,USA
17,Diana,Davis,diana.davis17@company.com,Legal,40158,2020-08-07,New York,AZ,USA
18,Peter,Martinez,peter.martinez18@company.com,Sales,55202,2022-05-13,Chicago,CA,Canada
19,Ivy,Garcia,ivy.garcia19@company.com,Operations,46993,2020-06-12,San Jose,CA,USA
20,Charlie,Williams,charlie.williams20@company.com,Design,57443,2023-05-29,New York,CA,USA
21,Jack,Garcia,jack.garcia21@company.com,HR,81983,2023-11-28,Phoenix,PA,USA
22,Quinn,Garcia,quinn.garcia22@company.com,IT,50878,2022-04-16,New York,NY,USA
23,Steve,Wilson,steve.wilson23@company.com,Design,146233,2019-11-05,Los Angeles,NY,USA
24,Bob,Taylor,bob.taylor24@company.com,Engineering,79027,2022-05-28,Los Angeles,TX,USA
25,Diana,Taylor,diana.taylor25@company.com,IT,126573,2020-07-30,Houston,TX,USA
26,Noah,Anderson,noah.anderson26@company.com,Engineering,109286,2022-09-07,Phoenix,AZ,USA
27,John,Miller,john.miller27@company.com,Legal,87007,2019-05-13,New York,AZ,USA
28,Liam,Martinez,liam.martinez28@company.com,Finance,62665,2019-11-01,San Antonio,AZ,USA
29,Diana,Garcia,diana.garcia29@company.com,IT,57543,2019-07-06,Houston,TX,USA
30,Olivia,Garcia,olivia.garcia30@company.com,Sales,130839,2022-06-25,Los Angeles,AZ,Canada
31,Steve,Wilson,steve.wilson31@company.com,Engineering,127614,2021-04-15,San Jose,AZ,USA
32,Bob,Moore,bob.moore32@company.com,Finance,42702,2022-09-27,Philadelphia,PA,USA
33,Olivia,Lopez,olivia.lopez33@company.com,Finance,107575,2019-12-07,Dallas,NY,USA
34,Rachel,Hernandez,rachel.hernandez34@company.com,Legal,144463,2023-11-14,San Antonio,TX,USA
35,Steve,Hernandez,steve.hernandez35@company.com,Marketing,88462,2019-12-17,Dallas,TX,USA
36,Alice,Taylor,alice.taylor36@company.com,Legal,93776,2019-05-02,Philadelphia,IL,USA
37,Noah,Anderson,noah.anderson37@company.com,HR,74189,2020-08-29,Chicago,CA,USA
38,Ivy,Gonzalez,ivy.gonzalez38@company.com,Operations,48024,2021-10-20,New York,NY,USA
39,Alice,Jackson,alice.jackson39@company.com,Sales,99226,2020-08-15,Los Angeles,TX,USA
40,Frank,Gonzalez,frank.gonzalez40@company.com,HR,145656,2023-04-08,Los Angeles,AZ,Mexico
41,Steve,Davis,steve.davis41@company.com,Design,90776,2021-09-04,Los Angeles,CA,USA
42,Diana,Davis,diana.davis42@company.com,Engineering,52954,2022-08-12,New York,TX,USA
43,Steve,Taylor,steve.taylor43@company.com,IT,71604,2021-12-05,Phoenix,PA,USA
44,Peter,Brown,peter.brown44@company.com,Legal,139018,2023-10-06,Phoenix,TX,USA
45,Olivia,Gonzalez,olivia.gonzalez45@company.com,Design,89738,2021-07-19,San Antonio,CA,USA
46,Charlie,Moore,charlie.moore46@company.com,Engineering,87365,2022-02-27,Chicago,TX,USA
47,Bob,Smith,bob.smith47@company.com,Sales,119050,2019-09-02,Los Angeles,TX,USA
48,John,Hernandez,john.hernandez48@company.com,Sales,70885,2019-04-29,Houston,AZ,USA
49,Frank,Williams,frank.williams49@company.com,Finance,67370,2019-03-08,San Jose,TX,USA
50,Diana,Smith,diana.smith50@company.com,Legal,149710,2023-04-10,Los Angeles,TX,USA
51,Jack,Taylor,jack.taylor51@company.com,IT,70418,2023-10-02,San Antonio,NY,USA
52,Frank,Jones,frank.jones52@company.com,Finance,120486,2021-04-03,Los Angeles,NY,USA
53,Kate,Anderson,kate.anderson53@company.com,Marketing,71362,2022-11-16,New York,CA,USA
54,Grace,Miller,grace.miller54@company.com,Marketing,74820,2022-08-03,San Jose,CA,USA
55,Jane,Martin,jane.martin55@company.com,Marketing,135009,2021-09-10,Philadelphia,TX,USA
56,Diana,Jones,diana.jones56@company.com,Marketing,120795,2019-05-15,San Antonio,CA,Mexico
57,Diana,Davis,diana.davis57@company.com,Legal,140175,2020-04-16,Los Angeles,CA,USA
58,John,Gonzalez,john.gonzalez58@company.com,HR,138271,2022-06-17,Phoenix,TX,USA
59,Henry,Lopez,henry.lopez59@company.com,Engineering,109188,2019-11-14,San Diego,CA,USA
60,Kate,Rodriguez,kate.rodriguez60@company.com,Engineering,113658,2022-07-22,Phoenix,IL,USA
61,Charlie,Taylor,charlie.taylor61@company.com,Operations,44304,2023-11-03,San Diego,AZ,USA
62,John,Garcia,john.garcia62@company.com,Sales,144456,2022-10-10,San Antonio,NY,USA
63,Liam,Smith,liam.smith63@company.com,HR,61172,2021-07-25,New York,PA,USA
64,Diana,Johnson,diana.johnson64@company.com,Sales,41895,2020-12-17,Chicago,TX,USA
65,Ivy,Johnson,ivy.johnson65@company.com,Legal,95128,2022-11-16,San Jose,TX,USA
66,Grace,Johnson,grace.johnson66@company.com,Marketing,46979,2022-08-22,San Jose,TX,USA
67,Quinn,Smith,quinn.smith67@company.com,Engineering,96551,2020-04-14,Houston,TX,USA
68,Jack,Davis,jack.davis68@company.com,Design,141578,2022-03-05,Chicago,TX,USA
69,Charlie,Martin,charlie.martin69@company.com,Sales,56905,2021-02-24,New York,PA,USA
70,Quinn,Rodriguez,quinn.rodriguez70@company.com,Design,116393,2021-08-11,Philadelphia,TX,USA
71,Rachel,Rodriguez,rachel.rodriguez71@company.com,Sales,80409,2019-05-11,San Diego,AZ,USA
72,Olivia,Lopez,olivia.lopez72@company.com,Legal,112018,2021-08-22,Dallas,TX,USA
73,Henry,Thomas,henry.thomas73@company.com,Marketing,124667,2019-09-06,San Diego,PA,USA
74,Mary,Williams,mary.williams74@company.com,Design,102831,2021-05-09,Philadelphia,TX,USA
75,Olivia,Gonzalez,olivia.gonzalez75@company.com,Engineering,98925,2022-01-25,Chicago,CA,USA
76,Mary,Martinez,mary.martinez76@company.com,Research,109832,2021-11-03,New York,TX,USA
77,Rachel,Davis,rachel.davis77@company.com,HR,108176,2019-11-03,San Jose,IL,USA
78,Bob,Williams,bob.williams78@company.com,Engineering,118416,2021-06-02,Los Angeles,CA,USA
79,Jack,Taylor,jack.taylor79@company.com,Operations,89701,2021-01-23,Houston,PA,USA
80,Charlie,Thomas,charlie.thomas80@company.com,Operations,129315,2023-11-25,Dallas,NY,USA
81,Diana,Williams,diana.williams81@company.com,Sales,50456,2021-11-02,San Antonio,CA,USA
82,Olivia,Brown,olivia.brown82@company.com,Legal,139606,2019-08-13,New York,IL,USA
83,Peter,Martin,peter.martin83@company.com,Design,54950,2021-07-31,New York,CA,USA
84,Peter,Lopez,peter.lopez84@company.com,Sales,64325,2021-12-16,San Antonio,NY,Canada
85,Charlie,Wilson,charlie.wilson85@company.com,Design,104589,2019-12-22,Philadelphia,CA,USA
86,Steve,Martin,steve.martin86@company.com,Engineering,78176,2022-07-20,Los Angeles,CA,USA
87,Jack,Taylor,jack.taylor87@company.com,Legal,146844,2019-04-26,Philadelphia,IL,USA
88,Grace,Lopez,grace.lopez88@company.com,Research,120023,2019-09-19,Los Angeles,NY,USA
89,Jane,Miller,jane.miller89@company.com,Research,68437,2020-05-03,Houston,TX,USA
90,Mary,Davis,mary.davis90@company.com,Design,46148,2022-07-19,Chicago,PA,USA
91,Henry,Davis,henry.davis91@company.com,Finance,136949,2019-05-05,San Antonio,TX,USA
92,Bob,Moore,bob.moore92@company.com,Finance,56424,2023-06-08,Dallas,TX,USA
93,Charlie,Taylor,charlie.taylor93@company.com,Design,121061,2021-04-29,Chicago,PA,USA
94,Olivia,Wilson,olivia.wilson94@company.com,Finance,62329,2021-03-25,Dallas,AZ,USA
95,Jane,Lopez,jane.lopez95@company.com,Finance,59715,2021-09-17,Dallas,TX,USA
96,Liam,Martin,liam.martin96@company.com,Marketing,70115,2019-01-16,New York,AZ,USA
97,Charlie,Gonzalez,charlie.gonzalez97@company.com,Sales,130846,2020-05-07,New York,PA,USA
98,Peter,Martinez,peter.martinez98@company.com,HR,55269,2022-04-18,Dallas,NY,Canada
99,Olivia,Rodriguez,olivia.rodriguez99@company.com,Legal,142560,2023-10-31,San Antonio,NY,USA
100,Noah,Jones,noah.jones100@company.com,HR,88868,2023-05-27,Houston,PA,USA
101,Noah,Hernandez,noah.hernandez101@company.com,Operations,91003,2021-04-04,San Antonio,AZ,USA
102,Charlie,Thomas,charlie.thomas102@company.com,Research,58565,2023-02-28,New York,AZ,Canada
103,Olivia,Martinez,olivia.martinez103@company.com,Finance,145855,2022-06-12,New York,TX,USA
104,Mary,Moore,mary.moore104@company.com,HR,67203,2020-02-25,San Antonio,CA,USA
105,Jack,Williams,jack.williams105@company.com,Sales,113165,2022-04-15,Dallas,CA,USA
106,Noah,Miller,noah.miller106@company.com,Engineering,122873,2020-11-04,Dallas,NY,USA
107,Alice,Davis,alice.davis107@company.com,IT,133888,2019-01-17,Houston,AZ,USA
108,Noah,Wilson,noah.wilson108@company.com,Research,101400,2022-10-10,Houston,AZ,USA
109,Noah,Anderson,noah.anderson109@company.com,Research,112127,2022-02-01,Dallas,AZ,USA
110,Steve,Davis,steve.davis110@company.com,Design,63584,2021-08-07,Los Angeles,TX,USA
111,Liam,Thomas,liam.thomas111@company.com,Design,107584,2019-03-14,San Jose,AZ,USA
112,Kate,Rodriguez,kate.rodriguez112@company.com,Design,71478,2020-10-03,San Jose,CA,USA
113,Olivia,Garcia,olivia.garcia113@company.com,Legal,115972,2020-02-26,San Diego,IL,USA
114,Quinn,Martinez,quinn.martinez114@company.com,Operations,51949,2021-10-12,Philadelphia,CA,USA
115,Kate,Martin,kate.martin115@company.com,Design,87784,2022-10-13,San Antonio,IL,USA
116,Bob,Wilson,bob.wilson116@company.com,Sales,105542,2020-12-18,San Diego,AZ,USA
117,Jack,Jones,jack.jones117@company.com,Research,66109,2021-01-13,Phoenix,PA,USA
118,Diana,Taylor,diana.taylor118@company.com,Legal,147950,2019-03-16,San Diego,CA,USA
119,Ivy,Smith,ivy.smith119@company.com,IT,126267,2022-10-07,Phoenix,NY,USA
120,Grace,Johnson,grace.johnson120@company.com,HR,141270,2021-07-07,Houston,CA,USA
121,Peter,Anderson,peter.anderson121@company.com,Finance,136774,2020-01-14,Los Angeles,IL,USA
122,John,Lopez,john.lopez122@company.com,Marketing,120252,2022-06-14,Houston,AZ,USA
123,Bob,Moore,bob.moore123@company.com,Finance,141850,2020-05-16,Houston,NY,USA
124,Henry,Miller,henry.miller124@company.com,Operations,147923,2019-09-28,San Antonio,CA,USA
125,Ivy,Moore,ivy.moore125@company.com,IT,81536,2022-03-05,San Antonio,CA,USA
126,Steve,Wilson,steve.wilson126@company.com,Design,142559,2023-03-31,Dallas,PA,Mexico
127,Rachel,Taylor,rachel.taylor127@company.com,Operations,94402,2020-04-28,Phoenix,IL,USA
128,Diana,Davis,diana.davis128@company.com,Sales,76815,2022-02-22,Chicago,TX,USA
129,Kate,Lopez,kate.lopez129@company.com,Legal,67756,2022-11-01,New York,NY,USA
130,Quinn,Williams,quinn.williams130@company.com,Operations,129824,2021-09-11,Los Angeles,PA,USA
131,Noah,Martinez,noah.martinez131@company.com,HR,70640,2020-12-25,San Diego,PA,USA
132,Diana,Wilson,diana.wilson132@company.com,Operations,130438,2022-10-12,Philadelphia,TX,USA
133,Jane,Thomas,jane.thomas133@company.com,Design,72666,2021-01-23,Dallas,AZ,USA
134,Grace,Taylor,grace.taylor134@company.com,Engineering,146707,2019-03-24,San Diego,PA,USA
135,Grace,Wilson,grace.wilson135@company.com,Sales,85641,2023-03-06,Philadelphia,NY,USA
136,John,Wilson,john.wilson136@company.com,IT,126504,2020-10-23,Phoenix,NY,USA
137,Henry,Miller,henry.miller137@company.com,Engineering,120107,2020-09-18,San Antonio,CA,USA
138,Noah,Jackson,noah.jackson138@company.com,Design,97836,2019-09-04,Los Angeles,PA,USA
139,Mary,Rodriguez,mary.rodriguez139@company.com,Marketing,147875,2021-10-26,Houston,TX,USA
140,Jack,Lopez,jack.lopez140@company.com,Design,76132,2023-10-27,San Jose,CA,USA
141,Liam,Martinez,liam.martinez141@company.com,IT,106662,2023-02-28,New York,CA,Canada
142,Quinn,Jackson,quinn.jackson142@company.com,HR,140016,2022-12-31,New York,TX,USA
143,John,Martin,john.martin143@company.com,Sales,97736,2022-05-12,New York,CA,USA
144,Peter,Anderson,peter.anderson144@company.com,IT,71380,2021-06-21,San Jose,CA,USA
145,Jane,Thomas,jane.thomas145@company.com,Research,60256,2023-05-03,Dallas,CA,USA
146,Diana,Williams,diana.williams146@company.com,Marketing,64144,2021-12-15,San Diego,PA,USA
147,Diana,Davis,diana.davis147@company.com,Legal,89492,2020-06-26,Phoenix,IL,USA
148,Steve,Johnson,steve.johnson148@company.com,Design,121703,2021-03-27,Houston,TX,USA
149,Liam,Lopez,liam.lopez149@company.com,Legal,82578,2020-10-24,San Antonio,NY,Canada
150,Liam,Davis,liam.davis150@company.com,Marketing,77428,2019-03-15,San Diego,IL,USA
151,Jack,Jones,jack.jones151@company.com,Research,92765,2022-01-23,Philadelphia,CA,USA
152,Diana,Thomas,diana.thomas152@company.com,Operations,71579,2022-09-20,San Diego,NY,USA
153,Frank,Rodriguez,frank.rodriguez153@company.com,Marketing,121444,2023-05-04,New York,AZ,USA
154,Rachel,Johnson,rachel.johnson154@company.com,IT,83530,2019-10-25,New York,TX,USA
155,Henry,Lopez,henry.lopez155@company.com,HR,54408,2019-04-23,Los Angeles,AZ,USA
156,Jack,Thomas,jack.thomas156@company.com,IT,127869,2022-09-27,Houston,TX,USA
157,Noah,Martin,noah.martin157@company.com,IT,88235,2022-03-30,Dallas,CA,USA
158,Frank,Rodriguez,frank.rodriguez158@company.com,Design,130707,2021-07-10,San Diego,TX,USA
159,Mary,Johnson,mary.johnson159@company.com,IT,46034,2023-12-08,San Diego,NY,USA
160,Olivia,Williams,olivia.williams160@company.com,Legal,40866,2020-07-28,Chicago,TX,USA
161,Henry,Brown,henry.brown161@company.com,IT,113233,2023-09-14,Los Angeles,NY,USA
162,Peter,Gonzalez,peter.gonzalez162@company.com,Finance,102704,2021-10-07,San Antonio,TX,USA
163,Grace,Taylor,grace.taylor163@company.com,Design,129034,2020-12-25,Houston,TX,USA
164,Peter,Smith,peter.smith164@company.com,Legal,129019,2020-01-26,San Diego,TX,Mexico
165,Ivy,Lopez,ivy.lopez165@company.com,Engineering,40140,2022-01-27,San Diego,PA,USA
166,Kate,Hernandez,kate.hernandez166@company.com,Finance,127909,2019-03-19,Dallas,CA,Mexico
167,Steve,Thomas,steve.thomas167@company.com,IT,129521,2021-11-06,Houston,CA,USA
168,Liam,Martinez,liam.martinez168@company.com,Research,132994,2022-12-29,Los Angeles,CA,USA
169,Bob,Taylor,bob.taylor169@company.com,IT,115872,2021-04-06,San Diego,TX,USA
170,Jane,Thomas,jane.thomas170@company.com,Finance,69235,2020-01-06,Philadelphia,CA,Canada
171,Henry,Moore,henry.moore171@company.com,Operations,91474,2023-01-06,San Diego,CA,USA
172,Frank,Martin,frank.martin172@company.com,Sales,54723,2022-11-08,Los Angeles,CA,USA
173,Olivia,Davis,olivia.davis173@company.com,HR,46222,2020-03-26,Los Angeles,PA,USA
174,Liam,Jones,liam.jones174@company.com,Marketing,97678,2019-04-30,San Jose,TX,USA
175,Bob,Gonzalez,bob.gonzalez175@company.com,IT,140521,2020-09-13,Houston,AZ,USA
176,Alice,Davis,alice.davis176@company.com,Engineering,90558,2019-04-15,San Antonio,CA,USA
177,Alice,Johnson,alice.johnson177@company.com,Engineering,78905,2020-11-24,Los Angeles,CA,USA
178,Liam,Johnson,liam.johnson178@company.com,Marketing,74963,2022-01-31,San Antonio,NY,USA
179,Liam,Thomas,liam.thomas179@company.com,Operations,104023,2021-09-07,Philadelphia,TX,USA
180,Frank,Wilson,frank.wilson180@company.com,Sales,103392,2019-12-08,San Antonio,AZ,USA
181,Mary,Jones,mary.jones181@company.com,Finance,104355,2021-05-26,New York,PA,USA
182,Noah,Brown,noah.brown182@company.com,IT,141382,2022-10-18,Philadelphia,IL,USA
183,Bob,Johnson,bob.johnson183@company.com,HR,95469,2020-07-06,San Antonio,CA,Canada
184,Grace,Anderson,grace.anderson184@company.com,Research,73293,2019-12-26,Dallas,CA,USA
185,Mary,Johnson,mary.johnson185@company.com,Research,88661,2023-01-09,Phoenix,NY,USA
186,Kate,Jackson,kate.jackson186@company.com,Research,97078,2020-04-16,Philadelphia,TX,USA
187,John,Moore,john.moore187@company.com,Marketing,104002,2023-03-12,Philadelphia,IL,USA
188,Steve,Taylor,steve.taylor188@company.com,Operations,41759,2020-02-08,Philadelphia,TX,USA
189,Noah,Smith,noah.smith189@company.com,Research,42538,2019-10-09,Dallas,TX,USA
190,Steve,Williams,steve.williams190@company.com,Legal,122126,2021-03-14,Phoenix,PA,Mexico
191,Charlie,Garcia,charlie.garcia191@company.com,Sales,78740,2022-05-30,Los Angeles,CA,USA
192,Olivia,Martin,olivia.martin192@company.com,Research,80320,2020-07-22,Chicago,TX,USA
193,Kate,Lopez,kate.lopez193@company.com,Legal,117102,2020-06-15,Philadelphia,TX,USA
194,Quinn,Rodriguez,quinn.rodriguez194@company.com,Research,134926,2022-11-19,Houston,CA,USA
195,Diana,Moore,diana.moore195@company.com,Marketing,122208,2023-05-01,Phoenix,NY,USA
196,Liam,Johnson,liam.johnson196@company.com,IT,44830,2019-08-27,Chicago,AZ,USA
197,Alice,Brown,alice.brown197@company.com,IT,68264,2021-09-23,San Jose,TX,USA
198,Jane,Davis,jane.davis198@company.com,Finance,45778,2019-10-06,Dallas,IL,USA
199,Steve,Martinez,steve.martinez199@company.com,Research,71780,2020-09-21,Dallas,CA,USA
200,Quinn,Davis,quinn.davis200@company.com,Design,92183,2021-03-04,Houston,TX,USA
201,Kate,Anderson,kate.anderson201@company.com,Design,130329,2019-01-29,San Diego,CA,USA
202,Kate,Martinez,kate.martinez202@company.com,HR,118159,2022-02-13,New York,TX,USA
203,Steve,Johnson,steve.johnson203@company.com,Legal,40047,2021-12-10,Los Angeles,IL,USA
204,Liam,Martinez,liam.martinez204@company.com,Engineering,106385,2021-12-08,Chicago,CA,USA
205,Liam,Lopez,liam.lopez205@company.com,HR,83404,2021-02-13,Phoenix,CA,USA
206,Rachel,Miller,rachel.miller206@company.com,IT,140529,2020-04-09,Phoenix,TX,USA
207,Charlie,Smith,charlie.smith207@company.com,Research,119657,2021-03-27,San Diego,TX,USA
208,Steve,Hernandez,steve.hernandez208@company.com,Engineering,102145,2019-02-03,Los Angeles,IL,USA
209,Ivy,Gonzalez,ivy.gonzalez209@company.com,Engineering,86590,2020-09-14,San Jose,IL,USA
210,Alice,Hernandez,alice.hernandez210@company.com,Marketing,93231,2022-10-30,San Antonio,TX,USA
211,Kate,Gonzalez,kate.gonzalez211@company.com,Marketing,113399,2022-11-25,Houston,TX,USA
212,Noah,Davis,noah.davis212@company.com,Finance,131052,2020-12-19,New York,NY,USA
213,Kate,Davis,kate.davis213@company.com,IT,100132,2019-06-29,New York,NY,USA
214,Diana,Johnson,diana.johnson214@company.com,Research,71318,2023-05-02,Phoenix,AZ,USA
215,Olivia,Lopez,olivia.lopez215@company.com,Engineering,61535,2020-11-23,Dallas,CA,Mexico
216,Quinn,Smith,quinn.smith216@company.com,Operations,56851,2022-11-09,New York,NY,USA
217,Jane,Lopez,jane.lopez217@company.com,Design,81789,2020-05-20,San Jose,TX,USA
218,Jack,Anderson,jack.anderson218@company.com,IT,68089,2023-04-27,Dallas,CA,USA
219,Henry,Williams,henry.williams219@company.com,IT,127884,2020-02-04,Philadelphia,NY,USA
220,Frank,Wilson,frank.wilson220@company.com,Engineering,144369,2021-03-20,New York,IL,USA
221,Charlie,Hernandez,charlie.hernandez221@company.com,Operations,133450,2021-09-23,Los Angeles,NY,USA
222,Liam,Garcia,liam.garcia222@company.com,Finance,96941,2021-04-28,Chicago,TX,USA
223,Liam,Gonzalez,liam.gonzalez223@company.com,Legal,51556,2022-12-03,Los Angeles,PA,USA
224,Liam,Garcia,liam.garcia224@company.com,Marketing,114821,2019-03-31,San Jose,TX,USA
225,Grace,Wilson,grace.wilson225@company.com,Marketing,72409,2019-08-09,Chicago,NY,USA
226,Steve,Hernandez,steve.hernandez226@company.com,Design,115417,2020-01-24,San Diego,CA,USA
227,Liam,Brown,liam.brown227@company.com,Sales,52987,2019-08-20,New York,TX,USA
228,Charlie,Thomas,charlie.thomas228@company.com,Finance,104880,2019-07-29,Dallas,TX,USA
229,Diana,Martin,diana.martin229@company.com,Design,149547,2023-12-10,Chicago,TX,USA
230,Quinn,Hernandez,quinn.hernandez230@company.com,HR,84822,2020-05-17,San Diego,AZ,USA
231,Peter,Gonzalez,peter.gonzalez231@company.com,Marketing,142363,2022-03-11,Dallas,AZ,USA
232,Henry,Davis,henry.davis232@company.com,Finance,67163,2020-04-03,San Antonio,TX,USA
233,Kate,Thomas,kate.thomas233@company.com,Sales,147941,2022-08-13,Dallas,PA,USA
234,Peter,Hernandez,peter.hernandez234@company.com,IT,66330,2019-11-29,New York,CA,USA
235,John,Moore,john.moore235@company.com,IT,41103,2020-03-02,Houston,AZ,USA
236,Kate,Davis,kate.davis236@company.com,Finance,83626,2020-09-21,Los Angeles,TX,USA
237,Bob,Miller,bob.miller237@company.com,Engineering,45544,2021-04-13,Phoenix,TX,USA
238,Jack,Anderson,jack.anderson238@company.com,Engineering,75661,2020-06-11,San Diego,IL,USA
239,Liam,Thomas,liam.thomas239@company.com,Design,58432,2020-02-14,San Antonio,CA,Mexico
240,John,Johnson,john.johnson240@company.com,HR,108398,2021-11-19,Dallas,AZ,Canada
241,Quinn,Hernandez,quinn.hernandez241@company.com,Engineering,114373,2021-09-23,San Jose,CA,USA
242,Alice,Rodriguez,alice.rodriguez242@company.com,Research,50502,2022-05-07,Chicago,IL,Canada
243,Alice,Miller,alice.miller243@company.com,Finance,109500,2022-01-27,San Antonio,CA,USA
244,John,Miller,john.miller244@company.com,Legal,54085,2020-03-04,New York,PA,USA
245,John,Moore,john.moore245@company.com,Design,73180,2022-08-30,Chicago,AZ,USA
246,Liam,Brown,liam.brown246@company.com,Engineering,94834,2019-04-26,San Jose,NY,USA
247,Quinn,Taylor,quinn.taylor247@company.com,HR,89044,2022-03-04,New York,NY,USA
248,Frank,Jackson,frank.jackson248@company.com,IT,83490,2020-11-10,San Diego,IL,Canada
249,Kate,Wilson,kate.wilson249@company.com,Design,90684,2019-07-18,San Diego,CA,USA
250,Quinn,Martin,quinn.martin250@company.com,Sales,91957,2023-08-29,Houston,PA,USA
251,Henry,Jackson,henry.jackson251@company.com,Engineering,121465,2019-11-10,New York,IL,USA
252,Liam,Jones,liam.jones252@company.com,IT,119637,2022-05-10,Dallas,IL,USA
253,Diana,Smith,diana.smith253@company.com,Operations,117135,2022-06-05,Dallas,IL,USA
254,Olivia,Miller,olivia.miller254@company.com,HR,125357,2022-02-08,San Diego,CA,USA
255,Alice,Martinez,alice.martinez255@company.com,Research,107242,2019-05-23,New York,IL,USA
256,Liam,Davis,liam.davis256@company.com,Finance,53911,2021-06-15,Houston,NY,Canada
257,Frank,Davis,frank.davis257@company.com,Operations,77138,2020-10-07,San Diego,CA,USA
258,John,Hernandez,john.hernandez258@company.com,Research,71215,2021-02-19,Philadelphia,TX,USA
259,Grace,Davis,grace.davis259@company.com,Marketing,79188,2022-08-05,Houston,CA,USA
260,Mary,Hernandez,mary.hernandez260@company.com,Legal,66369,2022-03-16,Chicago,CA,USA
261,Ivy,Jones,ivy.jones261@company.com,Research,130491,2020-12-31,Dallas,CA,USA
262,Rachel,Davis,rachel.davis262@company.com,Legal,83424,2019-03-01,New York,CA,USA
263,Diana,Martinez,diana.martinez263@company.com,Marketing,118789,2021-10-16,Houston,CA,USA
264,Charlie,Brown,charlie.brown264@company.com,Legal,47046,2023-11-26,Phoenix,CA,USA
265,Quinn,Williams,quinn.williams265@company.com,Design,52305,2019-06-02,Phoenix,NY,USA
266,Kate,Johnson,kate.johnson266@company.com,Marketing,59878,2021-04-28,San Jose,PA,USA
267,Diana,Thomas,diana.thomas267@company.com,Legal,141261,2021-11-28,Los Angeles,CA,USA
268,John,Gonzalez,john.gonzalez268@company.com,Legal,68383,2023-11-16,San Antonio,PA,USA
269,Mary,Lopez,mary.lopez269@company.com,Finance,112838,2021-12-11,Houston,TX,USA
270,Jane,Hernandez,jane.hernandez270@company.com,Engineering,92899,2020-05-25,Dallas,AZ,USA
271,Grace,Garcia,grace.garcia271@company.com,Research,142907,2019-04-24,San Jose,TX,USA
272,Charlie,Garcia,charlie.garcia272@company.com,Engineering,59245,2022-06-20,Houston,CA,USA
273,Grace,Anderson,grace.anderson273@company.com,Marketing,116536,2022-12-12,Dallas,IL,USA
274,Frank,Thomas,frank.thomas274@company.com,Operations,126449,2019-07-10,New York,PA,USA
275,Peter,Hernandez,peter.hernandez275@company.com,Sales,126335,2019-04-15,Chicago,PA,USA
276,Noah,Thomas,noah.thomas276@company.com,Legal,68034,2021-02-09,San Diego,CA,USA
277,Quinn,Williams,quinn.williams277@company.com,IT,86164,2022-10-02,San Jose,CA,USA
278,John,Wilson,john.wilson278@company.com,HR,136802,2020-09-12,Los Angeles,CA,USA
279,Diana,Moore,diana.moore279@company.com,HR,75437,2021-02-18,San Antonio,TX,USA
280,Jack,Thomas,jack.thomas280@company.com,Sales,111712,2021-12-30,San Antonio,IL,USA
281,Bob,Garcia,bob.garcia281@company.com,Marketing,80097,2022-07-09,Chicago,TX,USA
282,John,Miller,john.miller282@company.com,Marketing,121521,2022-04-30,Dallas,CA,USA
283,Rachel,Brown,rachel.brown283@company.com,Operations,138462,2020-02-23,San Jose,IL,Mexico
284,Alice,Anderson,alice.anderson284@company.com,Operations,129207,2020-04-22,Houston,NY,USA
285,Rachel,Gonzalez,rachel.gonzalez285@company.com,Finance,59178,2022-02-10,San Antonio,CA,USA
286,Ivy,Moore,ivy.moore286@company.com,Research,107048,2023-04-08,Chicago,CA,USA
287,Kate,Jones,kate.jones287@company.com,IT,40017,2022-12-20,Los Angeles,TX,USA
288,Mary,Thomas,mary.thomas288@company.com,IT,69425,2022-09-09,San Jose,CA,USA
289,Rachel,Smith,rachel.smith289@company.com,Marketing,85218,2023-05-16,Houston,AZ,USA
290,Rachel,Gonzalez,rachel.gonzalez290@company.com,IT,140058,2021-10-06,San Antonio,IL,USA
291,Olivia,Garcia,olivia.garcia291@company.com,Operations,77186,2021-07-06,Phoenix,CA,USA
292,Kate,Martin,kate.martin292@company.com,Finance,70258,2019-07-22,New York,CA,USA
293,Noah,Martinez,noah.martinez293@company.com,Finance,63196,2019-03-28,San Jose,CA,USA
294,Alice,Anderson,alice.anderson294@company.com,Sales,105813,2023-07-29,New York,AZ,USA
295,Kate,Williams,kate.williams295@company.com,IT,84235,2019-02-28,Dallas,PA,USA
296,Mary,Anderson,mary.anderson296@company.com,Engineering,81577,2020-09-26,Los Angeles,TX,USA
297,Liam,Johnson,liam.johnson297@company.com,Sales,111081,2019-10-10,San Diego,TX,USA
298,Jack,Smith,jack.smith298@company.com,Legal,73175,2020-05-27,San Antonio,TX,Mexico
299,Grace,Hernandez,grace.hernandez299@company.com,Operations,104707,2019-01-09,Houston,IL,Canada
300,Steve,Martinez,steve.martinez300@company.com,Design,57373,2019-02-27,New York,PA,USA
301,Alice,Gonzalez,alice.gonzalez301@company.com,Sales,55142,2020-10-26,Houston,CA,USA
302,John,Garcia,john.garcia302@company.com,Sales,53165,2021-12-21,Philadelphia,NY,USA
303,Kate,Anderson,kate.anderson303@company.com,Sales,79233,2023-04-07,San Jose,CA,USA
304,Henry,Hernandez,henry.hernandez304@company.com,Legal,41031,2019-12-03,San Antonio,CA,USA
305,Diana,Williams,diana.williams305@company.com,Marketing,135007,2021-01-22,Philadelphia,TX,USA
306,Rachel,Hernandez,rachel.hernandez306@company.com,Design,108136,2019-07-08,New York,TX,USA
307,Grace,Moore,grace.moore307@company.com,Finance,41665,2023-06-09,San Diego,AZ,USA
308,John,Anderson,john.anderson308@company.com,Legal,74094,2021-11-22,Houston,CA,Canada
309,Liam,Martin,liam.martin309@company.com,Engineering,140727,2019-05-15,San Antonio,CA,USA
310,Bob,Moore,bob.moore310@company.com,Sales,40541,2022-06-02,Dallas,TX,Mexico
311,Rachel,Wilson,rachel.wilson311@company.com,Design,140869,2021-02-21,San Antonio,CA,Canada
312,Jack,Johnson,jack.johnson312@company.com,Engineering,109068,2019-01-08,Dallas,TX,USA
313,Ivy,Jones,ivy.jones313@company.com,IT,48821,2023-02-14,Dallas,TX,USA
314,Frank,Davis,frank.davis314@company.com,Design,133840,2020-04-21,New York,CA,USA
315,Mary,Wilson,mary.wilson315@company.com,Design,144270,2019-09-01,San Antonio,AZ,USA
316,Grace,Thomas,grace.thomas316@company.com,Sales,136103,2023-09-15,San Antonio,TX,USA
317,Liam,Garcia,liam.garcia317@company.com,Finance,88931,2020-10-04,San Diego,CA,USA
318,Rachel,Davis,rachel.davis318@company.com,Finance,90125,2019-04-19,San Jose,NY,USA
319,Rachel,Johnson,rachel.johnson319@company.com,Research,82748,2019-04-21,San Antonio,CA,USA
320,Steve,Davis,steve.davis320@company.com,HR,70159,2019-03-08,San Antonio,CA,USA
321,Charlie,Davis,charlie.davis321@company.com,IT,111688,2023-10-18,San Antonio,CA,USA
322,Kate,Jones,kate.jones322@company.com,IT,53961,2022-03-09,San Jose,IL,USA
323,Noah,Williams,noah.williams323@company.com,Finance,42767,2023-06-03,Houston,CA,USA
324,Frank,Lopez,frank.lopez324@company.com,HR,144697,2023-05-22,Dallas,IL,USA
325,Henry,Wilson,henry.wilson325@company.com,Legal,132617,2023-10-31,New York,NY,USA
326,John,Wilson,john.wilson326@company.com,IT,50796,2020-09-30,San Antonio,CA,USA
327,Liam,Gonzalez,liam.gonzalez327@company.com,Research,133572,2020-06-24,Philadelphia,PA,USA
328,Liam,Brown,liam.brown328@company.com,Sales,125203,2022-03-17,Houston,TX,USA
329,Diana,Hernandez,diana.hernandez329@company.com,Design,118639,2021-04-06,Philadelphia,CA,USA
330,John,Wilson,john.wilson330@company.com,Marketing,76676,2022-02-07,San Antonio,TX,Mexico
331,Henry,Rodriguez,henry.rodriguez331@company.com,Legal,123378,2020-05-04,San Antonio,IL,USA
332,Noah,Gonzalez,noah.gonzalez332@company.com,Marketing,60957,2019-02-13,Houston,CA,Canada
333,Grace,Smith,grace.smith333@company.com,Operations,61535,2019-05-29,New York,IL,USA
334,Liam,Thomas,liam.thomas334@company.com,Sales,73261,2021-07-12,Dallas,AZ,USA
335,Jane,Taylor,jane.taylor335@company.com,Marketing,103501,2019-11-19,San Diego,AZ,USA
336,Ivy,Wilson,ivy.wilson336@company.com,Design,120257,2022-12-28,San Antonio,CA,Mexico
337,Rachel,Rodriguez,rachel.rodriguez337@company.com,Sales,88901,2023-12-28,Los Angeles,PA,USA
338,Charlie,Thomas,charlie.thomas338@company.com,Research,44776,2022-05-26,San Jose,TX,USA
339,Rachel,Lopez,rachel.lopez339@company.com,Legal,122348,2022-04-16,Houston,NY,USA
340,Steve,Brown,steve.brown340@company.com,HR,98369,2023-11-09,San Jose,NY,USA
341,Rachel,Jackson,rachel.jackson341@company.com,Operations,128466,2020-09-10,Houston,TX,USA
342,Charlie,Brown,charlie.brown342@company.com,Design,51134,2022-06-20,Houston,TX,USA
343,Noah,Johnson,noah.johnson343@company.com,Legal,58973,2020-12-04,Philadelphia,PA,USA
344,John,Lopez,john.lopez344@company.com,Legal,64429,2021-10-17,Dallas,NY,USA
345,Peter,Anderson,peter.anderson345@company.com,Research,54920,2023-09-25,Dallas,NY,USA
346,Kate,Martin,kate.martin346@company.com,Sales,118120,2020-05-05,New York,CA,USA
347,Noah,Miller,noah.miller347@company.com,Finance,136182,2023-06-03,Houston,NY,Canada
348,Noah,Brown,noah.brown348@company.com,Finance,136741,2023-10-16,Houston,AZ,USA
349,Steve,Moore,steve.moore349@company.com,Research,59495,2020-05-20,Los Angeles,TX,Mexico
350,Mary,Lopez,mary.lopez350@company.com,Engineering,145627,2020-01-22,Philadelphia,CA,Mexico
351,Noah,Moore,noah.moore351@company.com,HR,52509,2022-10-10,Phoenix,CA,USA
352,Kate,Anderson,kate.anderson352@company.com,Finance,79212,2021-05-12,Houston,CA,USA
353,Olivia,Anderson,olivia.anderson353@company.com,Design,136377,2022-09-24,Dallas,CA,Mexico
354,Henry,Johnson,henry.johnson354@company.com,Research,69480,2019-12-18,Dallas,TX,USA
355,Jane,Anderson,jane.anderson355@company.com,Sales,120576,2019-07-06,San Jose,CA,USA
356,Olivia,Jackson,olivia.jackson356@company.com,Legal,142068,2023-11-20,Philadelphia,CA,USA
357,Jack,Lopez,jack.lopez357@company.com,IT,61152,2021-08-16,Dallas,AZ,USA
358,Frank,Anderson,frank.anderson358@company.com,Legal,109051,2023-12-11,New York,CA,USA
359,Bob,Thomas,bob.thomas359@company.com,Sales,48306,2023-01-17,Dallas,TX,USA
360,Jane,Lopez,jane.lopez360@company.com,Operations,79980,2019-05-13,Houston,CA,Mexico
361,Steve,Martin,steve.martin361@company.com,HR,82082,2021-06-20,Los Angeles,CA,USA
362,Liam,Taylor,liam.taylor362@company.com,Design,69202,2023-05-09,San Jose,TX,USA
363,Rachel,Martinez,rachel.martinez363@company.com,Sales,59633,2019-03-06,Los Angeles,TX,USA
364,Kate,Moore,kate.moore364@company.com,Sales,93734,2021-01-29,Phoenix,TX,USA
365,Jane,Miller,jane.miller365@company.com,Finance,90257,2021-12-25,Los Angeles,TX,Mexico
366,Noah,Rodriguez,noah.rodriguez366@company.com,Engineering,62428,2022-09-09,New York,NY,USA
367,Noah,Martin,noah.martin367@company.com,Design,131770,2023-05-19,Los Angeles,CA,USA
368,Alice,Taylor,alice.taylor368@company.com,Research,136131,2023-09-17,Houston,PA,USA
369,Olivia,Gonzalez,olivia.gonzalez369@company.com,Research,88250,2021-09-04,Chicago,TX,USA
370,Kate,Moore,kate.moore370@company.com,Legal,118533,2019-02-16,Chicago,CA,USA
371,Rachel,Davis,rachel.davis371@company.com,Legal,145824,2021-03-13,Philadelphia,PA,Mexico
372,Alice,Gonzalez,alice.gonzalez372@company.com,Design,78530,2021-04-03,Chicago,CA,USA
373,Charlie,Thomas,charlie.thomas373@company.com,Legal,133107,2022-11-12,Philadelphia,CA,USA
374,Kate,Brown,kate.brown374@company.com,Engineering,73718,2021-11-01,Philadelphia,TX,USA
375,Alice,Jones,alice.jones375@company.com,Research,50450,2022-07-30,Phoenix,AZ,Mexico
376,Peter,Miller,peter.miller376@company.com,Finance,108073,2019-06-08,New York,IL,USA
377,Quinn,Wilson,quinn.wilson377@company.com,Legal,135207,2022-07-10,Dallas,IL,USA
378,Grace,Rodriguez,grace.rodriguez378@company.com,Legal,46706,2023-02-20,San Antonio,TX,USA
379,Frank,Thomas,frank.thomas379@company.com,Marketing,81573,2021-04-06,Dallas,TX,USA
380,John,Jones,john.jones380@company.com,Marketing,91925,2021-05-12,San Antonio,NY,USA
381,John,Miller,john.miller381@company.com,Marketing,145866,2022-09-12,San Jose,TX,USA
382,Jack,Jones,jack.jones382@company.com,Design,110662,2021-02-16,San Diego,TX,USA
383,Kate,Hernandez,kate.hernandez383@company.com,Engineering,49604,2021-04-10,San Diego,CA,Canada
384,Noah,Anderson,noah.anderson384@company.com,IT,125298,2022-09-09,San Antonio,TX,USA
385,Alice,Lopez,alice.lopez385@company.com,Design,104496,2022-04-13,New York,IL,USA
386,Ivy,Thomas,ivy.thomas386@company.com,Marketing,84539,2021-10-28,Dallas,CA,USA
387,Olivia,Lopez,olivia.lopez387@company.com,Operations,65898,2021-07-24,San Antonio,TX,USA
388,Olivia,Thomas,olivia.thomas388@company.com,Research,99744,2020-01-27,New York,TX,Canada
389,Jane,Rodriguez,jane.rodriguez389@company.com,Engineering,58370,2021-12-28,San Diego,PA,Canada
390,Jane,Miller,jane.miller390@company.com,HR,145636,2020-12-15,San Antonio,CA,Canada
391,Alice,Moore,alice.moore391@company.com,Marketing,66185,2022-09-24,New York,TX,USA
392,Jane,Smith,jane.smith392@company.com,Design,74985,2019-04-22,San Jose,IL,USA
393,Mary,Wilson,mary.wilson393@company.com,HR,118981,2019-05-25,San Jose,TX,Canada
394,Noah,Martinez,noah.martinez394@company.com,Marketing,129640,2023-07-14,San Jose,TX,USA
395,Peter,Lopez,peter.lopez395@company.com,Marketing,54539,2019-12-13,San Antonio,CA,USA
396,Ivy,Jones,ivy.jones396@company.com,Finance,79723,2022-11-12,Los Angeles,CA,Canada
397,Peter,Garcia,peter.garcia397@company.com,Engineering,75896,2020-04-21,San Antonio,CA,USA
398,Ivy,Miller,ivy.miller398@company.com,Marketing,54874,2021-10-09,Chicago,TX,USA
399,John,Garcia,john.garcia399@company.com,Design,128323,2020-11-16,San Antonio,TX,USA
400,Quinn,Thomas,quinn.thomas400@company.com,Research,46639,2019-01-14,Philadelphia,NY,USA
401,Noah,Martin,noah.martin401@company.com,HR,68390,2021-01-17,San Jose,CA,USA
402,Ivy,Martinez,ivy.martinez402@company.com,Marketing,120593,2020-01-24,Philadelphia,NY,USA
403,Alice,Johnson,alice.johnson403@company.com,Sales,54517,2021-06-09,Chicago,TX,USA
404,Olivia,Thomas,olivia.thomas404@company.com,Research,125929,2022-11-22,San Antonio,AZ,USA
405,Ivy,Lopez,ivy.lopez405@company.com,Operations,50749,2021-03-16,San Diego,CA,USA
406,Mary,Brown,mary.brown406@company.com,Marketing,75894,2021-05-30,Philadelphia,TX,USA
407,Kate,Martin,kate.martin407@company.com,Operations,117212,2019-07-04,Phoenix,IL,USA
408,Grace,Brown,grace.brown408@company.com,Research,115358,2023-08-21,Dallas,CA,USA
409,Liam,Martin,liam.martin409@company.com,Research,81259,2022-03-06,San Jose,IL,USA
410,John,Moore,john.moore410@company.com,IT,92806,2022-08-18,Chicago,CA,USA
411,Ivy,Lopez,ivy.lopez411@company.com,HR,99190,2019-08-10,San Antonio,TX,Canada
412,Grace,Taylor,grace.taylor412@company.com,Engineering,94980,2019-03-17,Chicago,PA,USA
413,Alice,Anderson,alice.anderson413@company.com,Design,85655,2020-10-07,Dallas,TX,USA
414,Mary,Brown,mary.brown414@company.com,IT,119475,2019-11-24,San Diego,CA,USA
415,Quinn,Martinez,quinn.martinez415@company.com,Engineering,122887,2022-03-21,Dallas,TX,Canada
416,Kate,Wilson,kate.wilson416@company.com,Sales,63236,2020-02-29,Dallas,AZ,USA
417,Rachel,Garcia,rachel.garcia417@company.com,Research,75825,2020-03-05,San Jose,CA,Mexico
418,Bob,Moore,bob.moore418@company.com,Research,69946,2021-07-07,San Diego,TX,USA
419,Charlie,Lopez,charlie.lopez419@company.com,Engineering,92344,2022-04-18,Los Angeles,IL,USA
420,Noah,Hernandez,noah.hernandez420@company.com,IT,49361,2023-12-10,San Diego,TX,USA
421,Olivia,Williams,olivia.williams421@company.com,Finance,121580,2019-07-14,New York,TX,USA
422,John,Miller,john.miller422@company.com,Research,124672,2022-11-11,Chicago,PA,USA
423,Kate,Davis,kate.davis423@company.com,Operations,123509,2023-08-22,San Antonio,CA,USA
424,Quinn,Martinez,quinn.martinez424@company.com,Engineering,137912,2021-11-11,Dallas,CA,Mexico
425,Frank,Wilson,frank.wilson425@company.com,IT,134049,2021-07-31,San Jose,PA,Canada
426,Mary,Moore,mary.moore426@company.com,Operations,41284,2023-01-15,Chicago,IL,USA
427,Kate,Moore,kate.moore427@company.com,HR,113361,2019-07-20,San Antonio,CA,USA
428,Grace,Jackson,grace.jackson428@company.com,Operations,110476,2022-04-04,San Jose,NY,USA
429,Quinn,Moore,quinn.moore429@company.com,Research,132850,2019-03-02,San Diego,CA,USA
430,Rachel,Martinez,rachel.martinez430@company.com,Finance,134234,2023-11-13,Los Angeles,PA,USA
431,Olivia,Wilson,olivia.wilson431@company.com,Legal,89763,2022-10-20,Dallas,TX,USA
432,Kate,Thomas,kate.thomas432@company.com,Sales,76681,2021-05-18,Dallas,TX,USA
433,Jack,Rodriguez,jack.rodriguez433@company.com,IT,99747,2022-03-11,Phoenix,PA,USA
434,Liam,Moore,liam.moore434@company.com,HR,93450,2019-08-03,San Diego,AZ,Canada
435,Olivia,Garcia,olivia.garcia435@company.com,Sales,51580,2019-06-24,Phoenix,TX,USA
436,Olivia,Davis,olivia.davis436@company.com,Finance,59558,2019-09-25,Dallas,NY,USA
437,Noah,Taylor,noah.taylor437@company.com,Finance,40250,2019-03-06,San Jose,TX,USA
438,Steve,Moore,steve.moore438@company.com,IT,97501,2021-05-14,San Diego,PA,USA
439,Alice,Martin,alice.martin439@company.com,IT,43231,2019-01-22,San Jose,TX,USA
440,Henry,Brown,henry.brown440@company.com,Design,62425,2019-08-05,New York,TX,USA
441,Charlie,Wilson,charlie.wilson441@company.com,Operations,74561,2021-01-02,Phoenix,CA,Canada
442,Kate,Martinez,kate.martinez442@company.com,Design,145807,2021-11-04,San Antonio,CA,USA
443,Charlie,Williams,charlie.williams443@company.com,Operations,139163,2022-05-17,Houston,CA,USA
444,Grace,Miller,grace.miller444@company.com,Marketing,120203,2021-04-13,San Antonio,CA,USA
445,Steve,Gonzalez,steve.gonzalez445@company.com,Operations,60406,2020-07-08,San Antonio,TX,USA
446,Jack,Jones,jack.jones446@company.com,Sales,78968,2020-01-31,Philadelphia,TX,USA
447,John,Hernandez,john.hernandez447@company.com,Operations,55594,2022-05-13,Dallas,TX,USA
448,Bob,Jackson,bob.jackson448@company.com,Legal,126301,2021-02-05,Chicago,IL,USA
449,Olivia,Martinez,olivia.martinez449@company.com,Design,94616,2022-03-23,San Jose,NY,USA
450,Rachel,Hernandez,rachel.hernandez450@company.com,Sales,142336,2020-07-13,Los Angeles,PA,USA
451,Noah,Taylor,noah.taylor451@company.com,Design,114471,2020-01-02,Dallas,TX,USA
452,Kate,Martin,kate.martin452@company.com,Operations,88882,2023-09-18,New York,AZ,USA
453,Frank,Moore,frank.moore453@company.com,IT,67520,2023-09-16,Philadelphia,NY,USA
454,Steve,Gonzalez,steve.gonzalez454@company.com,Finance,127768,2022-04-01,Phoenix,PA,USA
455,Rachel,Brown,rachel.brown455@company.com,Finance,89907,2019-03-02,San Antonio,IL,USA
456,Frank,Moore,frank.moore456@company.com,Operations,63626,2020-08-06,Philadelphia,NY,USA
457,Charlie,Jones,charlie.jones457@company.com,IT,49461,2020-04-26,Phoenix,IL,USA
458,Noah,Moore,noah.moore458@company.com,Marketing,94484,2021-02-01,New York,NY,USA
459,Charlie,Davis,charlie.davis459@company.com,Marketing,77057,2021-05-04,Phoenix,IL,USA
460,Diana,Martin,diana.martin460@company.com,Marketing,118113,2022-06-26,Dallas,TX,USA
461,Kate,Williams,kate.williams461@company.com,Engineering,115755,2019-04-21,Dallas,AZ,USA
462,Charlie,Wilson,charlie.wilson462@company.com,Finance,141758,2023-11-12,Los Angeles,TX,Mexico
463,Quinn,Garcia,quinn.garcia463@company.com,Engineering,140698,2021-07-20,Chicago,TX,USA
464,John,Martin,john.martin464@company.com,Legal,116205,2019-06-25,Philadelphia,TX,USA
465,Mary,Lopez,mary.lopez465@company.com,Engineering,94310,2023-06-04,Philadelphia,TX,USA
466,Alice,Jackson,alice.jackson466@company.com,Marketing,78543,2023-01-03,Phoenix,IL,USA
467,Ivy,Miller,ivy.miller467@company.com,Research,79778,2019-07-01,Houston,CA,USA
468,Liam,Wilson,liam.wilson468@company.com,HR,104167,2022-10-28,Philadelphia,CA,USA
469,Ivy,Hernandez,ivy.hernandez469@company.com,Operations,71058,2019-12-31,Phoenix,TX,USA
470,Bob,Lopez,bob.lopez470@company.com,Engineering,67432,2022-05-25,Chicago,TX,USA
471,John,Williams,john.williams471@company.com,Legal,58656,2019-04-28,Dallas,TX,USA
472,Diana,Martin,diana.martin472@company.com,Sales,136802,2021-08-23,Philadelphia,PA,USA
473,Alice,Anderson,alice.anderson473@company.com,Engineering,132598,2022-01-15,San Diego,AZ,USA
474,Charlie,Williams,charlie.williams474@company.com,HR,88228,2020-03-19,San Diego,TX,USA
475,Bob,Williams,bob.williams475@company.com,Sales,128828,2021-03-10,New York,CA,Canada
476,Steve,Smith,steve.smith476@company.com,Sales,144892,2022-04-27,New York,PA,USA
477,Rachel,Williams,rachel.williams477@company.com,HR,135821,2020-06-26,San Antonio,TX,USA
478,Jack,Anderson,jack.anderson478@company.com,Sales,142204,2023-09-01,Dallas,CA,USA
479,Olivia,Taylor,olivia.taylor479@company.com,HR,123838,2019-01-22,New York,NY,Canada
480,Rachel,Williams,rachel.williams480@company.com,Engineering,93154,2022-10-12,San Antonio,TX,USA
481,Ivy,Martin,ivy.martin481@company.com,Legal,142636,2022-06-22,Dallas,TX,USA
482,Noah,Jones,noah.jones482@company.com,Operations,69261,2022-07-25,San Jose,IL,USA
483,Ivy,Thomas,ivy.thomas483@company.com,Design,104213,2022-12-04,Philadelphia,NY,USA
484,John,Miller,john.miller484@company.com,Marketing,90267,2022-08-07,Los Angeles,IL,USA
485,Rachel,Rodriguez,rachel.rodriguez485@company.com,Design,100995,2021-08-04,Chicago,PA,USA
486,Peter,Garcia,peter.garcia486@company.com,HR,130147,2023-06-30,Los Angeles,IL,USA
487,Jane,Thomas,jane.thomas487@company.com,Legal,134067,2023-10-20,San Jose,AZ,USA
488,Alice,Thomas,alice.thomas488@company.com,Sales,100960,2021-03-28,Houston,TX,USA
489,Jack,Gonzalez,jack.gonzalez489@company.com,Finance,138730,2019-09-06,Houston,CA,USA
490,Quinn,Rodriguez,quinn.rodriguez490@company.com,Marketing,113268,2020-02-16,San Jose,TX,Mexico
491,Kate,Moore,kate.moore491@company.com,Finance,77339,2019-05-15,San Jose,CA,USA
492,Mary,Hernandez,mary.hernandez492@company.com,Engineering,67974,2021-06-03,Chicago,TX,Mexico
493,Henry,Jones,henry.jones493@company.com,Research,130859,2019-07-14,New York,NY,USA
494,Mary,Moore,mary.moore494@company.com,Sales,147638,2020-08-30,Los Angeles,CA,USA
495,Alice,Brown,alice.brown495@company.com,Sales,93523,2021-11-30,New York,AZ,USA
496,Charlie,Thomas,charlie.thomas496@company.com,Engineering,46618,2020-11-14,Los Angeles,CA,USA
497,Noah,Anderson,noah.anderson497@company.com,Finance,86443,2022-04-30,San Diego,TX,USA
498,Jane,Smith,jane.smith498@company.com,Finance,65092,2021-11-16,Chicago,CA,USA
499,Frank,Wilson,frank.wilson499@company.com,Marketing,140514,2020-08-14,San Antonio,CA,USA
500,Olivia,Martin,olivia.martin500@company.com,Design,45365,2023-08-13,Dallas,AZ,Canada
501,Frank,Martinez,frank.martinez501@company.com,Legal,71968,2023-10-06,Houston,TX,USA
502,Liam,Anderson,liam.anderson502@company.com,Sales,146165,2020-08-18,San Diego,TX,USA
503,Grace,Moore,grace.moore503@company.com,Research,61327,2019-10-31,Los Angeles,CA,USA
504,Charlie,Garcia,charlie.garcia504@company.com,IT,59706,2023-08-23,Chicago,IL,USA
505,Noah,Brown,noah.brown505@company.com,Marketing,43136,2022-10-08,San Jose,NY,USA
506,Noah,Lopez,noah.lopez506@company.com,Design,99275,2023-11-03,Los Angeles,PA,USA
507,Liam,Gonzalez,liam.gonzalez507@company.com,Finance,63314,2022-07-13,San Jose,CA,USA
508,Mary,Williams,mary.williams508@company.com,Marketing,53235,2019-02-16,San Diego,NY,USA
509,Henry,Brown,henry.brown509@company.com,Operations,74399,2019-10-28,Los Angeles,CA,USA
510,John,Wilson,john.wilson510@company.com,Design,104060,2022-02-01,San Jose,CA,USA
511,Frank,Martinez,frank.martinez511@company.com,Engineering,140545,2022-12-04,Los Angeles,CA,USA
512,Olivia,Davis,olivia.davis512@company.com,Finance,117919,2019-02-27,Phoenix,IL,USA
513,Bob,Taylor,bob.taylor513@company.com,Legal,55848,2022-05-15,San Diego,NY,USA
514,Bob,Jackson,bob.jackson514@company.com,Design,139345,2023-06-18,Philadelphia,CA,USA
515,Mary,Jones,mary.jones515@company.com,Design,125132,2021-12-24,San Antonio,TX,USA
516,Alice,Rodriguez,alice.rodriguez516@company.com,Legal,124952,2022-01-06,Los Angeles,CA,Mexico
517,Charlie,Miller,charlie.miller517@company.com,Design,111449,2019-01-06,Los Angeles,IL,USA
518,Liam,Smith,liam.smith518@company.com,IT,88971,2019-06-05,New York,PA,USA
519,John,Taylor,john.taylor519@company.com,HR,111926,2019-11-20,Phoenix,AZ,USA
520,Noah,Martinez,noah.martinez520@company.com,Research,91720,2019-02-19,San Antonio,TX,USA
521,Ivy,Martinez,ivy.martinez521@company.com,Research,102911,2021-11-30,Philadelphia,AZ,USA
522,Olivia,Davis,olivia.davis522@company.com,IT,135673,2022-07-28,Dallas,NY,USA
523,Bob,Jones,bob.jones523@company.com,HR,129476,2020-07-12,Philadelphia,NY,USA
524,Diana,Brown,diana.brown524@company.com,Engineering,54409,2022-05-19,Los Angeles,TX,USA
525,Liam,Smith,liam.smith525@company.com,Design,119396,2023-02-04,Phoenix,TX,USA
526,Quinn,Taylor,quinn.taylor526@company.com,Finance,131391,2019-09-22,San Antonio,AZ,USA
527,Bob,Lopez,bob.lopez527@company.com,Finance,134799,2019-10-10,Houston,TX,Mexico
528,Ivy,Rodriguez,ivy.rodriguez528@company.com,Marketing,129521,2022-07-22,San Jose,CA,USA
529,Charlie,Martinez,charlie.martinez529@company.com,Sales,45044,2023-04-11,Los Angeles,TX,USA
530,Noah,Wilson,noah.wilson530@company.com,Engineering,49741,2021-03-15,Chicago,NY,USA
531,Alice,Johnson,alice.johnson531@company.com,Operations,125745,2021-10-06,Phoenix,TX,USA
532,John,Jackson,john.jackson532@company.com,IT,60809,2022-07-15,Houston,CA,USA
533,Jane,Jackson,jane.jackson533@company.com,Marketing,92791,2023-09-26,San Jose,TX,USA
534,Jack,Martin,jack.martin534@company.com,Legal,95947,2020-09-15,Philadelphia,CA,USA
535,Henry,Lopez,henry.lopez535@company.com,IT,142432,2022-03-12,Los Angeles,CA,USA
536,Jane,Rodriguez,jane.rodriguez536@company.com,Research,144480,2023-11-07,San Diego,TX,USA
537,Charlie,Wilson,charlie.wilson537@company.com,Marketing,108891,2023-11-08,New York,IL,USA
538,Olivia,Lopez,olivia.lopez538@company.com,Marketing,142285,2019-02-18,San Diego,CA,Mexico
539,Kate,Lopez,kate.lopez539@company.com,Research,148342,2023-05-21,Dallas,TX,USA
540,Mary,Williams,mary.williams540@company.com,HR,63964,2022-02-01,Philadelphia,CA,USA
541,Noah,Miller,noah.miller541@company.com,Research,120945,2020-04-20,Phoenix,NY,USA
542,Grace,Moore,grace.moore542@company.com,Engineering,128868,2023-08-29,Phoenix,TX,USA
543,Frank,Hernandez,frank.hernandez543@company.com,Finance,67074,2019-07-01,San Diego,NY,USA
544,John,Brown,john.brown544@company.com,Research,45881,2021-02-18,Chicago,NY,USA
545,Olivia,Hernandez,olivia.hernandez545@company.com,Sales,131671,2022-05-22,Los Angeles,CA,USA
546,Jack,Lopez,jack.lopez546@company.com,Operations,72772,2020-09-21,Chicago,CA,USA
547,Diana,Rodriguez,diana.rodriguez547@company.com,HR,111951,2022-09-27,New York,CA,USA
548,Jane,Anderson,jane.anderson548@company.com,Research,53236,2019-04-23,San Diego,PA,USA
549,John,Miller,john.miller549@company.com,Engineering,75319,2023-01-23,Chicago,TX,USA
550,Rachel,Brown,rachel.brown550@company.com,Sales,49006,2021-01-16,San Jose,TX,USA
551,Henry,Moore,henry.moore551@company.com,Design,48980,2020-07-14,Chicago,TX,USA
552,Quinn,Gonzalez,quinn.gonzalez552@company.com,IT,119637,2022-07-05,Philadelphia,CA,USA
553,Kate,Taylor,kate.taylor553@company.com,HR,40772,2021-12-23,Los Angeles,CA,USA
554,Bob,Jackson,bob.jackson554@company.com,Design,43684,2021-02-27,Houston,IL,USA
555,Grace,Garcia,grace.garcia555@company.com,IT,119111,2019-04-25,San Antonio,NY,USA
556,Frank,Martinez,frank.martinez556@company.com,Legal,57721,2021-03-17,San Jose,CA,USA
557,Frank,Brown,frank.brown557@company.com,Sales,97025,2022-11-20,San Antonio,TX,Canada
558,Liam,Jackson,liam.jackson558@company.com,Finance,61530,2019-09-11,Chicago,CA,USA
559,Peter,Garcia,peter.garcia559@company.com,HR,110699,2022-06-20,Phoenix,TX,USA
560,Rachel,Rodriguez,rachel.rodriguez560@company.com,Marketing,136363,2021-12-02,San Antonio,TX,USA
561,Ivy,Anderson,ivy.anderson561@company.com,Legal,102430,2020-01-17,New York,PA,USA
562,Grace,Gonzalez,grace.gonzalez562@company.com,Marketing,148567,2023-05-23,San Antonio,NY,USA
563,Ivy,Gonzalez,ivy.gonzalez563@company.com,Design,51608,2020-11-24,San Diego,TX,USA
564,Mary,Brown,mary.brown564@company.com,Finance,96957,2021-02-15,Philadelphia,CA,USA
565,Frank,Davis,frank.davis565@company.com,Operations,77675,2019-08-03,Dallas,CA,USA
566,John,Miller,john.miller566@company.com,Finance,54986,2022-11-23,Phoenix,CA,Canada
567,Henry,Miller,henry.miller567@company.com,Research,131407,2020-12-31,Dallas,AZ,USA
568,Henry,Rodriguez,henry.rodriguez568@company.com,Sales,63097,2021-11-09,Phoenix,CA,USA
569,Diana,Brown,diana.brown569@company.com,Research,132347,2022-04-16,Dallas,NY,USA
570,Olivia,Miller,olivia.miller570@company.com,Finance,113764,2022-02-17,Phoenix,TX,USA
571,Henry,Jackson,henry.jackson571@company.com,Operations,114074,2021-01-09,San Antonio,AZ,USA
572,Henry,Gonzalez,henry.gonzalez572@company.com,Engineering,143318,2023-10-18,Houston,NY,USA
573,Kate,Jones,kate.jones573@company.com,Legal,85715,2021-06-12,Dallas,CA,USA
574,Steve,Taylor,steve.taylor574@company.com,Sales,101598,2021-09-15,San Jose,CA,USA
575,Liam,Martin,liam.martin575@company.com,Legal,95610,2020-07-03,San Jose,TX,USA
576,Diana,Hernandez,diana.hernandez576@company.com,Operations,126540,2020-07-18,Houston,IL,USA
577,John,Jackson,john.jackson577@company.com,Legal,43959,2019-04-06,Houston,IL,USA
578,Bob,Lopez,bob.lopez578@company.com,Research,131053,2021-08-30,San Antonio,TX,USA
579,Henry,Davis,henry.davis579@company.com,Engineering,126671,2020-07-01,Los Angeles,CA,USA
580,Henry,Martin,henry.martin580@company.com,HR,126926,2021-01-01,Houston,PA,USA
581,Frank,Thomas,frank.thomas581@company.com,Engineering,83516,2020-02-21,San Jose,TX,USA
582,Grace,Martin,grace.martin582@company.com,IT,82310,2023-06-27,Philadelphia,IL,USA
583,Peter,Smith,peter.smith583@company.com,IT,68092,2022-09-25,Houston,CA,USA
584,Mary,Taylor,mary.taylor584@company.com,HR,46630,2023-11-13,San Antonio,CA,USA
585,Alice,Garcia,alice.garcia585@company.com,Finance,58446,2022-03-19,New York,AZ,Canada
586,Quinn,Rodriguez,quinn.rodriguez586@company.com,Marketing,123632,2020-01-22,Chicago,IL,USA
587,Quinn,Smith,quinn.smith587@company.com,Finance,49195,2022-03-05,Houston,CA,USA
588,Charlie,Garcia,charlie.garcia588@company.com,Design,48908,2019-03-07,Phoenix,CA,USA
589,Rachel,Davis,rachel.davis589@company.com,Marketing,75507,2019-01-05,Dallas,PA,USA
590,Quinn,Hernandez,quinn.hernandez590@company.com,Operations,64717,2019-07-06,Phoenix,NY,USA
591,Liam,Martinez,liam.martinez591@company.com,Engineering,65988,2019-10-09,Chicago,CA,USA
592,Peter,Thomas,peter.thomas592@company.com,Legal,126307,2022-10-11,New York,CA,USA
593,Alice,Jackson,alice.jackson593@company.com,Engineering,129291,2021-03-27,Philadelphia,TX,USA
594,Mary,Hernandez,mary.hernandez594@company.com,Research,135754,2021-06-13,San Antonio,NY,USA
595,Peter,Thomas,peter.thomas595@company.com,IT,72620,2023-06-26,New York,AZ,USA
596,Frank,Brown,frank.brown596@company.com,Legal,108146,2021-07-09,Los Angeles,TX,USA
597,Henry,Miller,henry.miller597@company.com,Design,126577,2021-05-19,New York,NY,USA
598,Noah,Smith,noah.smith598@company.com,Sales,133947,2021-01-14,Houston,TX,Mexico
599,Alice,Williams,alice.williams599@company.com,Operations,127945,2021-09-01,Los Angeles,TX,USA
600,Frank,Martin,frank.martin600@company.com,Operations,40066,2019-01-05,Dallas,CA,USA
601,Kate,Martinez,kate.martinez601@company.com,Finance,116271,2023-06-22,San Diego,PA,USA
602,Alice,Brown,alice.brown602@company.com,HR,104339,2019-03-04,San Jose,AZ,USA
603,Alice,Williams,alice.williams603@company.com,Research,98088,2019-07-21,Dallas,PA,USA
604,Noah,Taylor,noah.taylor604@company.com,Engineering,111297,2022-06-21,Dallas,TX,USA
605,Bob,Hernandez,bob.hernandez605@company.com,IT,82957,2023-02-27,Philadelphia,CA,USA
606,Liam,Rodriguez,liam.rodriguez606@company.com,Finance,127455,2022-05-30,Houston,PA,USA
607,Frank,Garcia,frank.garcia607@company.com,Finance,131088,2019-04-10,San Diego,TX,USA
608,Steve,Moore,steve.moore608@company.com,Research,108009,2021-09-29,Houston,CA,Mexico
609,Alice,Thomas,alice.thomas609@company.com,Engineering,69811,2019-05-07,Philadelphia,TX,USA
610,Quinn,Johnson,quinn.johnson610@company.com,Design,146770,2022-06-17,Los Angeles,AZ,USA
611,Kate,Williams,kate.williams611@company.com,Marketing,126732,2019-06-07,Chicago,TX,USA
612,Liam,Miller,liam.miller612@company.com,Design,92379,2020-05-16,Chicago,CA,USA
613,Grace,Moore,grace.moore613@company.com,Marketing,103424,2022-02-04,San Diego,TX,USA
614,Mary,Martin,mary.martin614@company.com,Design,109132,2019-08-27,San Antonio,CA,USA
615,Noah,Brown,noah.brown615@company.com,Legal,122523,2021-02-02,Philadelphia,PA,USA
616,Ivy,Brown,ivy.brown616@company.com,Design,146979,2022-05-07,San Diego,PA,USA
617,Grace,Jones,grace.jones617@company.com,HR,145238,2022-03-07,Dallas,CA,USA
618,Bob,Johnson,bob.johnson618@company.com,Operations,93732,2023-08-05,Los Angeles,TX,USA
619,Diana,Garcia,diana.garcia619@company.com,HR,115235,2019-09-02,Dallas,TX,USA
620,Grace,Taylor,grace.taylor620@company.com,IT,105731,2023-05-21,New York,IL,USA
621,Grace,Garcia,grace.garcia621@company.com,Research,46863,2023-01-11,San Jose,IL,USA
622,Kate,Gonzalez,kate.gonzalez622@company.com,Research,76873,2022-12-21,New York,CA,Mexico
623,Quinn,Martinez,quinn.martinez623@company.com,Sales,104295,2021-02-17,Chicago,CA,USA
624,Steve,Smith,steve.smith624@company.com,Design,50913,2021-10-01,Dallas,NY,USA
625,Noah,Anderson,noah.anderson625@company.com,Finance,43368,2022-02-05,New York,TX,USA
626,Peter,Brown,peter.brown626@company.com,Sales,147274,2022-10-21,Los Angeles,CA,Mexico
627,Olivia,Wilson,olivia.wilson627@company.com,Marketing,112757,2022-06-07,San Diego,CA,USA
628,Mary,Lopez,mary.lopez628@company.com,Research,59837,2022-03-12,Philadelphia,AZ,USA
629,Jane,Smith,jane.smith629@company.com,Legal,102699,2019-11-28,Phoenix,PA,USA
630,Olivia,Martin,olivia.martin630@company.com,Design,83289,2019-10-06,Houston,TX,Mexico
631,Charlie,Smith,charlie.smith631@company.com,HR,87734,2022-09-28,San Diego,AZ,USA
632,Bob,Lopez,bob.lopez632@company.com,Design,72647,2019-03-05,San Diego,TX,USA
633,Olivia,Davis,olivia.davis633@company.com,Sales,51288,2023-04-28,Dallas,CA,USA
634,Noah,Martin,noah.martin634@company.com,IT,146048,2020-03-03,Phoenix,PA,USA
635,Jack,Martinez,jack.martinez635@company.com,Sales,134152,2021-08-17,Philadelphia,CA,USA
636,Peter,Brown,peter.brown636@company.com,Research,90239,2019-08-31,Dallas,TX,USA
637,Alice,Taylor,alice.taylor637@company.com,HR,96087,2020-09-03,Houston,AZ,USA
638,Jane,Martinez,jane.martinez638@company.com,Research,45045,2023-11-01,San Diego,TX,USA
639,Diana,Martin,diana.martin639@company.com,Marketing,145344,2020-09-15,Los Angeles,TX,Mexico
640,Grace,Davis,grace.davis640@company.com,Marketing,79967,2020-03-26,Houston,PA,USA
641,Quinn,Smith,quinn.smith641@company.com,Research,128835,2023-09-13,San Antonio,TX,USA
642,Grace,Moore,grace.moore642@company.com,Marketing,106656,2022-08-26,Dallas,TX,USA
643,Kate,Rodriguez,kate.rodriguez643@company.com,Sales,110677,2019-06-11,Philadelphia,CA,USA
644,Steve,Gonzalez,steve.gonzalez644@company.com,Engineering,84863,2022-07-31,New York,CA,USA
645,Charlie,Lopez,charlie.lopez645@company.com,Engineering,145744,2022-08-15,San Diego,NY,Canada
646,Mary,Davis,mary.davis646@company.com,HR,94126,2023-10-13,San Jose,TX,USA
647,Jane,Moore,jane.moore647@company.com,Finance,67270,2023-06-17,New York,CA,Canada
648,Charlie,Williams,charlie.williams648@company.com,IT,87049,2023-05-10,Los Angeles,NY,Canada
649,Henry,Lopez,henry.lopez649@company.com,HR,44175,2020-01-06,Dallas,CA,USA
650,Rachel,Johnson,rachel.johnson650@company.com,Engineering,108009,2020-04-14,San Antonio,TX,USA
651,Charlie,Anderson,charlie.anderson651@company.com,Sales,79100,2019-05-19,New York,TX,USA
652,Charlie,Lopez,charlie.lopez652@company.com,HR,142293,2020-01-23,Houston,CA,Mexico
653,John,Anderson,john.anderson653@company.com,Sales,90555,2022-11-24,Los Angeles,CA,USA
654,Mary,Martinez,mary.martinez654@company.com,Marketing,82388,2023-12-21,New York,TX,USA
655,Bob,Williams,bob.williams655@company.com,Sales,73028,2022-12-30,San Jose,NY,USA
656,Mary,Anderson,mary.anderson656@company.com,Marketing,146332,2019-04-09,Los Angeles,CA,USA
657,John,Lopez,john.lopez657@company.com,Operations,53142,2021-07-24,Phoenix,AZ,USA
658,Jack,Wilson,jack.wilson658@company.com,Operations,60483,2020-05-31,Phoenix,CA,USA
659,Jack,Jackson,jack.jackson659@company.com,Research,146980,2019-05-04,San Diego,PA,Mexico
660,John,Lopez,john.lopez660@company.com,HR,121061,2023-11-23,Chicago,CA,USA
661,Frank,Martinez,frank.martinez661@company.com,IT,95625,2022-09-21,Los Angeles,TX,USA
662,Henry,Jones,henry.jones662@company.com,Finance,64526,2021-07-05,Houston,TX,USA
663,Jane,Martinez,jane.martinez663@company.com,Operations,86109,2023-04-22,San Antonio,AZ,USA
664,Jane,Moore,jane.moore664@company.com,Finance,44684,2019-02-14,Philadelphia,CA,USA
665,Rachel,Martin,rachel.martin665@company.com,Design,55589,2023-09-08,San Jose,AZ,USA
666,Jane,Wilson,jane.wilson666@company.com,Operations,113279,2020-06-17,New York,NY,USA
667,Bob,Wilson,bob.wilson667@company.com,Marketing,143989,2022-05-24,San Antonio,CA,Canada
668,Liam,Miller,liam.miller668@company.com,Sales,75361,2022-02-07,Philadelphia,TX,USA
669,Frank,Wilson,frank.wilson669@company.com,Engineering,62230,2020-04-09,Los Angeles,TX,USA
670,Frank,Moore,frank.moore670@company.com,IT,114052,2023-07-28,Los Angeles,CA,USA
671,Henry,Smith,henry.smith671@company.com,Engineering,66712,2021-01-30,New York,NY,USA
672,Noah,Thomas,noah.thomas672@company.com,Research,129326,2021-04-11,San Jose,CA,USA
673,Olivia,Hernandez,olivia.hernandez673@company.com,Design,80101,2022-10-05,Dallas,TX,USA
674,Kate,Wilson,kate.wilson674@company.com,IT,136027,2019-01-30,Phoenix,CA,USA
675,Grace,Lopez,grace.lopez675@company.com,Finance,84910,2019-05-09,Dallas,CA,USA
676,Grace,Anderson,grace.anderson676@company.com,Finance,118212,2021-10-06,San Antonio,CA,USA
677,Liam,Moore,liam.moore677@company.com,Design,61852,2021-01-08,San Antonio,CA,Canada
678,Mary,Wilson,mary.wilson678@company.com,HR,46543,2020-03-12,San Diego,TX,USA
679,Quinn,Wilson,quinn.wilson679@company.com,Operations,41590,2020-07-29,San Diego,NY,USA
680,Grace,Davis,grace.davis680@company.com,Finance,70832,2019-05-19,New York,PA,USA
681,Steve,Brown,steve.brown681@company.com,Engineering,123898,2021-02-08,San Jose,PA,USA
682,Jane,Lopez,jane.lopez682@company.com,Design,83664,2023-05-01,Phoenix,TX,USA
683,Bob,Hernandez,bob.hernandez683@company.com,Operations,74071,2020-01-08,San Diego,TX,Canada
684,Mary,Gonzalez,mary.gonzalez684@company.com,Finance,57401,2020-06-14,San Antonio,CA,Canada
685,Olivia,Martin,olivia.martin685@company.com,Design,138292,2023-07-06,Phoenix,CA,USA
686,Liam,Wilson,liam.wilson686@company.com,Marketing,131687,2021-05-08,San Diego,CA,Canada
687,Alice,Anderson,alice.anderson687@company.com,Finance,117066,2019-03-12,Los Angeles,IL,Canada
688,Olivia,Rodriguez,olivia.rodriguez688@company.com,Marketing,117965,2023-07-26,Phoenix,NY,USA
689,Rachel,Wilson,rachel.wilson689@company.com,Finance,84579,2019-01-23,Dallas,IL,USA
690,Quinn,Jones,quinn.jones690@company.com,Legal,100499,2023-04-22,Phoenix,TX,USA
691,Quinn,Brown,quinn.brown691@company.com,IT,145802,2023-04-12,Chicago,IL,USA
692,Liam,Davis,liam.davis692@company.com,Sales,125698,2022-03-07,Dallas,PA,USA
693,Diana,Wilson,diana.wilson693@company.com,IT,72334,2020-10-30,San Diego,CA,USA
694,Mary,Martin,mary.martin694@company.com,Engineering,72648,2019-04-05,Los Angeles,TX,USA
695,Frank,Miller,frank.miller695@company.com,Marketing,85358,2022-03-09,Los Angeles,IL,USA
696,Jane,Moore,jane.moore696@company.com,Design,109329,2023-04-20,Los Angeles,CA,USA
697,Jane,Smith,jane.smith697@company.com,Engineering,79962,2019-09-29,San Jose,TX,USA
698,Bob,Jones,bob.jones698@company.com,Design,51347,2019-09-17,San Diego,NY,Canada
699,Noah,Lopez,noah.lopez699@company.com,Marketing,132809,2022-03-13,Los Angeles,CA,USA
700,John,Jackson,john.jackson700@company.com,Research,68857,2020-03-29,Dallas,PA,USA
701,Charlie,Lopez,charlie.lopez701@company.com,IT,97108,2020-12-10,New York,TX,USA
702,Kate,Miller,kate.miller702@company.com,Operations,95290,2020-04-27,Phoenix,CA,USA
703,Bob,Gonzalez,bob.gonzalez703@company.com,Legal,145578,2022-05-28,Houston,AZ,USA
704,Peter,Jackson,peter.jackson704@company.com,Engineering,59290,2020-09-09,Houston,TX,USA
705,Olivia,Williams,olivia.williams705@company.com,Operations,70466,2019-05-31,Phoenix,CA,Mexico
706,Frank,Johnson,frank.johnson706@company.com,Operations,78053,2022-10-20,Chicago,TX,USA
707,Frank,Jackson,frank.jackson707@company.com,Marketing,81330,2020-04-04,Dallas,IL,USA
708,John,Rodriguez,john.rodriguez708@company.com,Legal,89676,2020-04-28,Dallas,CA,USA
709,Rachel,Wilson,rachel.wilson709@company.com,Legal,94910,2021-02-21,San Jose,TX,USA
710,Charlie,Brown,charlie.brown710@company.com,Marketing,68874,2020-12-12,San Diego,CA,USA
711,Quinn,Miller,quinn.miller711@company.com,HR,72467,2019-01-07,San Diego,NY,Canada
712,Jack,Garcia,jack.garcia712@company.com,Research,146835,2022-04-24,Chicago,PA,Mexico
713,Quinn,Moore,quinn.moore713@company.com,Marketing,81652,2020-08-02,Los Angeles,TX,USA
714,Mary,Moore,mary.moore714@company.com,Marketing,48148,2023-09-13,Dallas,TX,USA
715,Frank,Anderson,frank.anderson715@company.com,Finance,115845,2023-03-31,San Antonio,AZ,USA
716,Quinn,Lopez,quinn.lopez716@company.com,Design,62886,2023-07-12,San Jose,IL,Mexico
717,Jane,Smith,jane.smith717@company.com,Operations,141902,2023-10-03,Los Angeles,TX,USA
718,Quinn,Miller,quinn.miller718@company.com,Marketing,108368,2019-10-24,San Diego,AZ,USA
719,Diana,Garcia,diana.garcia719@company.com,Design,101736,2019-02-17,Dallas,TX,USA
720,Kate,Smith,kate.smith720@company.com,IT,115348,2019-10-13,San Diego,CA,USA
721,Peter,Anderson,peter.anderson721@company.com,HR,130690,2020-03-19,Chicago,PA,USA
722,Alice,Hernandez,alice.hernandez722@company.com,Finance,135542,2019-06-05,Houston,CA,USA
723,Diana,Anderson,diana.anderson723@company.com,Sales,66966,2020-12-26,Chicago,AZ,USA
724,Diana,Moore,diana.moore724@company.com,Finance,141353,2022-05-15,Houston,TX,USA
725,Quinn,Gonzalez,quinn.gonzalez725@company.com,Marketing,145163,2023-09-06,Dallas,CA,USA
726,Peter,Williams,peter.williams726@company.com,HR,107750,2019-11-08,Houston,IL,USA
727,Ivy,Smith,ivy.smith727@company.com,HR,115298,2020-12-20,Phoenix,CA,USA
728,Kate,Martinez,kate.martinez728@company.com,Sales,101960,2021-01-13,Phoenix,TX,USA
729,John,Rodriguez,john.rodriguez729@company.com,Operations,75463,2019-03-01,Philadelphia,NY,USA
730,Frank,Thomas,frank.thomas730@company.com,Sales,48275,2023-01-22,San Antonio,NY,USA
731,Quinn,Lopez,quinn.lopez731@company.com,Legal,127145,2022-05-30,Philadelphia,TX,USA
732,Liam,Williams,liam.williams732@company.com,Sales,135007,2022-11-30,Phoenix,IL,USA
733,Henry,Gonzalez,henry.gonzalez733@company.com,Finance,45380,2022-03-22,Philadelphia,AZ,USA
734,Noah,Moore,noah.moore734@company.com,IT,116073,2021-08-12,San Jose,PA,USA
735,Ivy,Brown,ivy.brown735@company.com,Marketing,82124,2019-06-15,San Diego,PA,USA
736,Frank,Taylor,frank.taylor736@company.com,Marketing,134894,2020-01-27,Chicago,NY,USA
737,Noah,Anderson,noah.anderson737@company.com,Operations,61288,2020-02-27,San Jose,TX,USA
738,Jack,Taylor,jack.taylor738@company.com,Design,75016,2021-06-24,Houston,NY,USA
739,Frank,Johnson,frank.johnson739@company.com,Research,88599,2020-10-23,Houston,CA,USA
740,Frank,Moore,frank.moore740@company.com,Marketing,86347,2019-10-07,Los Angeles,TX,USA
741,Olivia,Rodriguez,olivia.rodriguez741@company.com,HR,117823,2021-11-04,Philadelphia,CA,USA
742,Frank,Thomas,frank.thomas742@company.com,Finance,74772,2021-11-20,Philadelphia,CA,Canada
743,Frank,Johnson,frank.johnson743@company.com,HR,126010,2021-05-09,Chicago,PA,USA
744,Peter,Jackson,peter.jackson744@company.com,IT,40565,2021-04-02,Chicago,TX,USA
745,Noah,Jackson,noah.jackson745@company.com,HR,127154,2023-05-29,San Jose,CA,USA
746,Diana,Lopez,diana.lopez746@company.com,Legal,122448,2019-10-20,Los Angeles,CA,USA
747,Rachel,Miller,rachel.miller747@company.com,IT,110503,2019-05-21,San Jose,TX,USA
748,Frank,Hernandez,frank.hernandez748@company.com,Research,147367,2021-07-22,New York,CA,USA
749,Rachel,Johnson,rachel.johnson749@company.com,Legal,94528,2021-01-16,Philadelphia,CA,USA
750,Jane,Johnson,jane.johnson750@company.com,Research,113579,2020-06-16,Dallas,TX,Mexico
751,Charlie,Thomas,charlie.thomas751@company.com,Sales,91048,2019-03-13,Houston,PA,USA
752,Charlie,Hernandez,charlie.hernandez752@company.com,Operations,55419,2022-08-29,Philadelphia,TX,USA
753,Liam,Davis,liam.davis753@company.com,Marketing,139303,2023-03-06,New York,AZ,USA
754,Olivia,Moore,olivia.moore754@company.com,Legal,75145,2022-01-25,San Antonio,CA,USA
755,Olivia,Wilson,olivia.wilson755@company.com,HR,40390,2021-08-17,Chicago,CA,USA
756,Jane,Lopez,jane.lopez756@company.com,Legal,71933,2021-05-27,San Jose,PA,USA
757,Quinn,Smith,quinn.smith757@company.com,Research,101357,2021-03-30,New York,TX,USA
758,Jane,Moore,jane.moore758@company.com,Research,61078,2020-06-22,Phoenix,TX,USA
759,Steve,Hernandez,steve.hernandez759@company.com,Finance,42410,2022-02-26,San Diego,CA,USA
760,Kate,Rodriguez,kate.rodriguez760@company.com,Research,44827,2023-06-22,San Antonio,NY,Canada
761,Alice,Johnson,alice.johnson761@company.com,Engineering,83882,2019-06-07,Philadelphia,AZ,USA
762,Rachel,Williams,rachel.williams762@company.com,Design,66997,2019-01-25,Chicago,PA,USA
763,Mary,Wilson,mary.wilson763@company.com,IT,108820,2023-10-22,Chicago,TX,USA
764,Rachel,Taylor,rachel.taylor764@company.com,Engineering,78406,2023-03-21,New York,IL,USA
765,Charlie,Lopez,charlie.lopez765@company.com,Design,54613,2019-07-10,San Diego,PA,USA
766,Jack,Wilson,jack.wilson766@company.com,Legal,89906,2020-08-10,Houston,CA,USA
767,John,Miller,john.miller767@company.com,Research,135562,2023-10-30,Houston,TX,USA
768,Steve,Moore,steve.moore768@company.com,Legal,78666,2019-12-16,Chicago,AZ,USA
769,Diana,Davis,diana.davis769@company.com,IT,149930,2021-06-26,Dallas,NY,USA
770,Alice,Martin,alice.martin770@company.com,Marketing,110362,2022-05-07,Chicago,CA,USA
771,Alice,Martin,alice.martin771@company.com,Marketing,101176,2022-04-12,Philadelphia,CA,USA
772,John,Miller,john.miller772@company.com,Finance,137764,2023-01-11,Chicago,IL,USA
773,Ivy,Smith,ivy.smith773@company.com,IT,91783,2023-08-07,Phoenix,IL,USA
774,John,Hernandez,john.hernandez774@company.com,Legal,77654,2020-11-16,Chicago,AZ,USA
775,Noah,Johnson,noah.johnson775@company.com,Research,75746,2022-07-09,Chicago,CA,USA
776,Diana,Gonzalez,diana.gonzalez776@company.com,Engineering,87122,2020-05-05,San Jose,CA,USA
777,Liam,Wilson,liam.wilson777@company.com,Research,123105,2023-08-20,Chicago,CA,USA
778,Diana,Taylor,diana.taylor778@company.com,Design,113931,2020-01-13,San Diego,CA,USA
779,Kate,Martinez,kate.martinez779@company.com,Design,107353,2020-03-12,San Jose,CA,USA
780,Steve,Williams,steve.williams780@company.com,IT,93773,2020-02-12,San Diego,CA,USA
781,Jane,Hernandez,jane.hernandez781@company.com,Research,138679,2020-09-08,San Antonio,PA,USA
782,Noah,Martin,noah.martin782@company.com,IT,104292,2020-05-23,Philadelphia,CA,USA
783,Quinn,Jones,quinn.jones783@company.com,Finance,64211,2019-07-03,San Diego,TX,USA
784,Alice,Davis,alice.davis784@company.com,Legal,82875,2023-12-03,San Antonio,NY,USA
785,Rachel,Gonzalez,rachel.gonzalez785@company.com,Design,139126,2023-02-05,Phoenix,TX,USA
786,Charlie,Rodriguez,charlie.rodriguez786@company.com,IT,49881,2019-08-07,Phoenix,AZ,USA
787,Mary,Martinez,mary.martinez787@company.com,Operations,139765,2021-06-04,Phoenix,CA,USA
788,Charlie,Davis,charlie.davis788@company.com,HR,88332,2023-02-02,Los Angeles,NY,USA
789,Kate,Miller,kate.miller789@company.com,Finance,101868,2019-11-16,San Antonio,NY,USA
790,Bob,Hernandez,bob.hernandez790@company.com,Engineering,118918,2019-06-19,Los Angeles,CA,USA
791,Alice,Moore,alice.moore791@company.com,Legal,130365,2023-04-16,Phoenix,AZ,USA
792,Ivy,Thomas,ivy.thomas792@company.com,Marketing,138164,2020-01-01,San Diego,TX,USA
793,Jack,Thomas,jack.thomas793@company.com,IT,104772,2019-07-17,San Antonio,AZ,USA
794,Diana,Jackson,diana.jackson794@company.com,Marketing,147534,2021-10-11,San Diego,CA,USA
795,Steve,Johnson,steve.johnson795@company.com,Research,102590,2019-11-19,San Jose,TX,USA
796,Jane,Jackson,jane.jackson796@company.com,Marketing,51855,2021-11-22,Dallas,TX,USA
797,John,Rodriguez,john.rodriguez797@company.com,Operations,63496,2023-07-03,San Diego,NY,USA
798,Mary,Garcia,mary.garcia798@company.com,Finance,41776,2023-08-31,San Antonio,AZ,USA
799,Peter,Williams,peter.williams799@company.com,HR,101479,2019-03-17,Los Angeles,CA,USA
800,Steve,Martin,steve.martin800@company.com,IT,75380,2020-06-20,Philadelphia,CA,USA
801,Kate,Johnson,kate.johnson801@company.com,Design,133886,2022-07-22,New York,TX,USA
802,Frank,Williams,frank.williams802@company.com,IT,109535,2022-03-25,San Diego,AZ,USA
803,Grace,Wilson,grace.wilson803@company.com,Sales,144313,2019-05-06,Dallas,CA,USA
804,Grace,Thomas,grace.thomas804@company.com,Marketing,84243,2019-06-22,New York,CA,Canada
805,Kate,Thomas,kate.thomas805@company.com,Research,44833,2022-05-20,San Diego,CA,USA
806,Diana,Martinez,diana.martinez806@company.com,Finance,48760,2020-04-29,New York,CA,USA
807,Olivia,Jackson,olivia.jackson807@company.com,Operations,128458,2019-02-10,San Antonio,NY,USA
808,Bob,Davis,bob.davis808@company.com,Design,146668,2020-10-21,San Diego,TX,Canada
809,John,Lopez,john.lopez809@company.com,IT,69126,2020-10-04,Houston,CA,Mexico
810,Steve,Jackson,steve.jackson810@company.com,Design,131206,2022-10-24,Dallas,NY,USA
811,Alice,Martinez,alice.martinez811@company.com,Legal,40454,2023-11-21,Houston,PA,USA
812,Steve,Taylor,steve.taylor812@company.com,Marketing,111067,2023-05-03,San Jose,TX,USA
813,Charlie,Miller,charlie.miller813@company.com,Legal,113784,2020-08-06,Philadelphia,AZ,USA
814,Frank,Smith,frank.smith814@company.com,Finance,111829,2020-03-16,Los Angeles,AZ,USA
815,Grace,Williams,grace.williams815@company.com,Sales,147204,2019-06-22,Philadelphia,IL,USA
816,Alice,Lopez,alice.lopez816@company.com,IT,58854,2023-02-03,Dallas,NY,Canada
817,Jack,Moore,jack.moore817@company.com,Marketing,102098,2021-05-03,Chicago,IL,USA
818,Kate,Davis,kate.davis818@company.com,HR,58694,2021-09-19,San Jose,CA,USA
819,Ivy,Anderson,ivy.anderson819@company.com,Legal,125827,2020-02-26,New York,TX,USA
820,Alice,Moore,alice.moore820@company.com,Legal,120414,2019-02-02,San Jose,TX,USA
821,Jane,Smith,jane.smith821@company.com,Research,119224,2019-05-19,Chicago,CA,Canada
822,Diana,Smith,diana.smith822@company.com,IT,130876,2022-06-05,Chicago,NY,USA
823,Henry,Martin,henry.martin823@company.com,Operations,52336,2022-03-16,Phoenix,CA,USA
824,Mary,Martinez,mary.martinez824@company.com,HR,87842,2022-12-15,Chicago,CA,USA
825,Grace,Jones,grace.jones825@company.com,Sales,110127,2020-11-04,San Diego,PA,USA
826,Steve,Garcia,steve.garcia826@company.com,HR,65093,2020-05-29,Chicago,CA,USA
827,Peter,Gonzalez,peter.gonzalez827@company.com,Operations,140565,2022-08-23,San Antonio,TX,USA
828,John,Miller,john.miller828@company.com,Operations,53871,2021-01-10,Dallas,TX,USA
829,Olivia,Wilson,olivia.wilson829@company.com,Sales,83525,2020-04-20,San Antonio,NY,USA
830,Charlie,Williams,charlie.williams830@company.com,Operations,72395,2021-07-18,Los Angeles,TX,USA
831,Steve,Taylor,steve.taylor831@company.com,Engineering,109604,2023-02-25,Dallas,TX,USA
832,Kate,Davis,kate.davis832@company.com,Finance,121469,2020-02-23,San Jose,CA,Mexico
833,Alice,Johnson,alice.johnson833@company.com,Legal,124067,2022-08-01,Dallas,CA,USA
834,Quinn,Wilson,quinn.wilson834@company.com,Engineering,81933,2021-02-06,Los Angeles,TX,USA
835,Grace,Miller,grace.miller835@company.com,Research,70418,2022-03-19,San Jose,CA,USA
836,Jane,Martinez,jane.martinez836@company.com,IT,108946,2019-10-08,San Antonio,TX,USA
837,Frank,Smith,frank.smith837@company.com,Design,130555,2023-11-03,New York,TX,USA
838,Frank,Garcia,frank.garcia838@company.com,Engineering,50324,2021-06-08,San Jose,CA,USA
839,Ivy,Martin,ivy.martin839@company.com,Sales,92623,2020-06-27,Dallas,NY,USA
840,Frank,Johnson,frank.johnson840@company.com,Marketing,55800,2020-05-31,Chicago,PA,USA
841,Kate,Moore,kate.moore841@company.com,Operations,46623,2022-10-23,Philadelphia,AZ,USA
842,Grace,Martin,grace.martin842@company.com,Sales,118880,2020-02-26,Los Angeles,PA,USA
843,Grace,Jones,grace.jones843@company.com,Design,106503,2022-04-29,Chicago,TX,USA
844,Ivy,Martinez,ivy.martinez844@company.com,Engineering,112607,2020-04-13,San Antonio,CA,USA
845,Frank,Garcia,frank.garcia845@company.com,Operations,51121,2019-10-06,Dallas,PA,USA
846,Grace,Martin,grace.martin846@company.com,Engineering,99265,2021-08-19,Philadelphia,PA,USA
847,Liam,Jones,liam.jones847@company.com,Operations,88240,2021-07-16,Dallas,PA,USA
848,Peter,Rodriguez,peter.rodriguez848@company.com,Operations,45030,2020-10-01,Los Angeles,CA,Canada
849,Olivia,Anderson,olivia.anderson849@company.com,HR,44301,2021-01-28,Dallas,PA,USA
850,Kate,Miller,kate.miller850@company.com,Marketing,111560,2019-06-24,Phoenix,TX,USA
851,Steve,Taylor,steve.taylor851@company.com,Engineering,143277,2019-01-01,San Diego,CA,USA
852,Mary,Hernandez,mary.hernandez852@company.com,Sales,86269,2021-07-20,Dallas,NY,USA
853,Rachel,Garcia,rachel.garcia853@company.com,IT,111290,2020-12-31,San Diego,IL,USA
854,Ivy,Gonzalez,ivy.gonzalez854@company.com,Legal,99012,2021-11-06,San Diego,CA,USA
855,Jane,Rodriguez,jane.rodriguez855@company.com,IT,45720,2022-05-06,Los Angeles,CA,USA
856,Grace,Martinez,grace.martinez856@company.com,Legal,53141,2023-10-25,San Diego,CA,USA
857,Alice,Moore,alice.moore857@company.com,IT,59259,2019-01-01,San Antonio,TX,USA
858,Henry,Jones,henry.jones858@company.com,IT,76247,2022-08-04,Philadelphia,AZ,Mexico
859,Jane,Lopez,jane.lopez859@company.com,Research,50743,2019-01-29,Houston,TX,USA
860,Bob,Davis,bob.davis860@company.com,Operations,50692,2019-06-17,Philadelphia,AZ,USA
861,Charlie,Martinez,charlie.martinez861@company.com,Operations,64356,2022-07-26,San Jose,TX,USA
862,Alice,Jones,alice.jones862@company.com,Engineering,91045,2021-09-25,Los Angeles,CA,USA
863,Jane,Anderson,jane.anderson863@company.com,Finance,55167,2022-12-31,Dallas,CA,USA
864,Grace,Martinez,grace.martinez864@company.com,Engineering,49077,2020-04-30,New York,CA,USA
865,Alice,Martin,alice.martin865@company.com,Engineering,149122,2020-05-12,San Diego,AZ,USA
866,Jack,Thomas,jack.thomas866@company.com,Engineering,145036,2023-07-25,Houston,AZ,USA
867,Diana,Taylor,diana.taylor867@company.com,Legal,101013,2019-06-06,Philadelphia,TX,USA
868,Mary,Jackson,mary.jackson868@company.com,Legal,141231,2021-12-03,New York,TX,USA
869,Bob,Lopez,bob.lopez869@company.com,Finance,116113,2023-07-08,New York,CA,Canada
870,Mary,Taylor,mary.taylor870@company.com,Engineering,113759,2020-08-29,Chicago,AZ,USA
871,Liam,Miller,liam.miller871@company.com,Sales,116839,2019-07-13,San Jose,TX,USA
872,Alice,Martin,alice.martin872@company.com,HR,77185,2022-01-20,Chicago,IL,USA
873,Henry,Miller,henry.miller873@company.com,Design,101914,2023-07-01,San Antonio,TX,USA
874,Henry,Garcia,henry.garcia874@company.com,Operations,113664,2020-09-04,San Jose,AZ,USA
875,Charlie,Miller,charlie.miller875@company.com,Design,112728,2023-08-05,New York,TX,USA
876,Grace,Gonzalez,grace.gonzalez876@company.com,Legal,132379,2020-12-24,San Diego,CA,USA
877,Mary,Gonzalez,mary.gonzalez877@company.com,Engineering,63292,2019-02-18,Chicago,TX,USA
878,Kate,Martin,kate.martin878@company.com,Operations,106563,2019-06-09,Los Angeles,TX,USA
879,Jane,Garcia,jane.garcia879@company.com,Legal,107592,2019-11-28,Los Angeles,TX,USA
880,Olivia,Williams,olivia.williams880@company.com,Marketing,127908,2020-03-20,Los Angeles,TX,USA
881,Noah,Wilson,noah.wilson881@company.com,Operations,54770,2021-02-24,Dallas,TX,USA
882,Mary,Rodriguez,mary.rodriguez882@company.com,Finance,69720,2022-05-17,San Jose,TX,USA
883,Ivy,Wilson,ivy.wilson883@company.com,Research,89676,2023-10-03,Dallas,TX,USA
884,Grace,Miller,grace.miller884@company.com,HR,108920,2022-08-03,Phoenix,AZ,USA
885,Bob,Martin,bob.martin885@company.com,Sales,47681,2022-01-21,Los Angeles,CA,USA
886,Kate,Taylor,kate.taylor886@company.com,Sales,44158,2020-06-10,Houston,CA,USA
887,Jane,Martin,jane.martin887@company.com,Research,149473,2021-12-13,Dallas,CA,USA
888,Olivia,Gonzalez,olivia.gonzalez888@company.com,Engineering,78186,2021-01-10,San Antonio,TX,USA
889,Alice,Gonzalez,alice.gonzalez889@company.com,Legal,105226,2020-12-10,Houston,CA,USA
890,Mary,Taylor,mary.taylor890@company.com,HR,97764,2022-02-15,San Antonio,TX,USA
891,Alice,Martinez,alice.martinez891@company.com,Design,128177,2019-07-10,Dallas,CA,USA
892,Steve,Jackson,steve.jackson892@company.com,Design,69051,2020-01-27,Los Angeles,CA,USA
893,Jane,Williams,jane.williams893@company.com,Sales,119760,2019-09-21,Houston,TX,USA
894,Ivy,Gonzalez,ivy.gonzalez894@company.com,Legal,119889,2021-02-20,Chicago,TX,Canada
895,Noah,Brown,noah.brown895@company.com,Operations,107815,2023-08-05,New York,NY,USA
896,Grace,Williams,grace.williams896@company.com,Sales,84765,2019-04-10,Phoenix,CA,USA
897,Alice,Brown,alice.brown897@company.com,Research,90760,2023-12-13,San Antonio,CA,USA
898,Kate,Wilson,kate.wilson898@company.com,Finance,81785,2019-01-02,Los Angeles,AZ,USA
899,Quinn,Taylor,quinn.taylor899@company.com,HR,47634,2022-08-23,Houston,TX,USA
900,Mary,Hernandez,mary.hernandez900@company.com,IT,82908,2021-08-12,Houston,TX,USA
901,Alice,Jackson,alice.jackson901@company.com,Research,145199,2019-05-05,New York,IL,USA
902,Rachel,Brown,rachel.brown902@company.com,Finance,81269,2022-09-09,Los Angeles,IL,USA
903,Peter,Hernandez,peter.hernandez903@company.com,Operations,133492,2020-06-15,Houston,TX,USA
904,Henry,Jones,henry.jones904@company.com,Design,67896,2022-01-19,San Antonio,TX,USA
905,Jane,Hernandez,jane.hernandez905@company.com,Design,110723,2021-04-04,Dallas,TX,Mexico
906,Grace,Jones,grace.jones906@company.com,Legal,67659,2020-02-01,San Jose,PA,USA
907,Henry,Garcia,henry.garcia907@company.com,Design,82489,2023-12-16,New York,AZ,USA
908,Henry,Taylor,henry.taylor908@company.com,Engineering,63279,2021-08-15,San Diego,AZ,USA
909,Frank,Anderson,frank.anderson909@company.com,Sales,70466,2023-11-18,Los Angeles,TX,USA
910,Mary,Jones,mary.jones910@company.com,HR,144278,2020-07-17,Phoenix,CA,USA
911,Quinn,Garcia,quinn.garcia911@company.com,Sales,108217,2021-05-02,Los Angeles,CA,USA
912,Ivy,Garcia,ivy.garcia912@company.com,Sales,121234,2023-07-12,Phoenix,PA,USA
913,Kate,Rodriguez,kate.rodriguez913@company.com,Design,130475,2022-11-26,San Diego,NY,USA
914,Bob,Hernandez,bob.hernandez914@company.com,Finance,89459,2021-01-27,San Diego,TX,USA
915,Charlie,Martin,charlie.martin915@company.com,Legal,52363,2020-05-26,Los Angeles,PA,USA
916,Frank,Rodriguez,frank.rodriguez916@company.com,Marketing,91922,2021-06-04,Phoenix,CA,USA
917,Frank,Miller,frank.miller917@company.com,Legal,40274,2021-06-18,Philadelphia,CA,USA
918,Bob,Williams,bob.williams918@company.com,Sales,77004,2021-11-12,San Diego,TX,USA
919,Alice,Garcia,alice.garcia919@company.com,Design,125478,2021-04-10,Philadelphia,TX,USA
920,Charlie,Martin,charlie.martin920@company.com,Design,97292,2019-11-12,Los Angeles,TX,USA
921,Charlie,Garcia,charlie.garcia921@company.com,Design,144858,2019-09-17,San Jose,TX,USA
922,John,Martinez,john.martinez922@company.com,Legal,118083,2020-08-05,New York,AZ,Canada
923,John,Miller,john.miller923@company.com,Engineering,54313,2022-09-09,Los Angeles,PA,USA
924,Diana,Smith,diana.smith924@company.com,IT,105590,2023-06-15,San Diego,TX,USA
925,Frank,Jones,frank.jones925@company.com,Operations,114617,2019-09-01,San Diego,CA,Mexico
926,Mary,Lopez,mary.lopez926@company.com,Marketing,93781,2019-06-09,San Antonio,TX,USA
927,Mary,Hernandez,mary.hernandez927@company.com,Marketing,69274,2023-09-01,Phoenix,IL,USA
928,Ivy,Jackson,ivy.jackson928@company.com,Operations,128188,2023-02-18,New York,CA,USA
929,Peter,Gonzalez,peter.gonzalez929@company.com,HR,129043,2020-02-12,Phoenix,AZ,USA
930,Noah,Smith,noah.smith930@company.com,Finance,135427,2022-06-24,Chicago,PA,USA
931,Kate,Gonzalez,kate.gonzalez931@company.com,Marketing,88414,2023-03-17,New York,AZ,USA
932,Liam,Martinez,liam.martinez932@company.com,Research,91038,2023-05-12,Phoenix,PA,USA
933,Alice,Martin,alice.martin933@company.com,Legal,113843,2023-01-06,Los Angeles,PA,USA
934,Quinn,Wilson,quinn.wilson934@company.com,Finance,64875,2023-03-10,New York,TX,USA
935,Rachel,Garcia,rachel.garcia935@company.com,Finance,124311,2022-06-24,New York,TX,USA
936,Henry,Smith,henry.smith936@company.com,IT,46731,2023-01-16,Phoenix,TX,USA
937,Ivy,Davis,ivy.davis937@company.com,Operations,144518,2021-03-08,Dallas,IL,USA
938,Mary,Garcia,mary.garcia938@company.com,IT,41694,2021-10-09,San Antonio,IL,USA
939,Steve,Rodriguez,steve.rodriguez939@company.com,IT,135587,2019-05-02,Philadelphia,PA,USA
940,Charlie,Martin,charlie.martin940@company.com,Engineering,121057,2020-02-21,Houston,PA,Canada
941,Quinn,Rodriguez,quinn.rodriguez941@company.com,Legal,120509,2021-08-27,San Jose,TX,USA
942,Henry,Lopez,henry.lopez942@company.com,IT,78726,2021-12-21,Chicago,TX,USA
943,Steve,Moore,steve.moore943@company.com,Operations,92311,2020-09-30,Phoenix,PA,USA
944,Grace,Miller,grace.miller944@company.com,Finance,89318,2019-04-07,San Diego,AZ,Canada
945,Diana,Jackson,diana.jackson945@company.com,HR,59426,2022-09-09,Phoenix,CA,USA
946,Ivy,Jones,ivy.jones946@company.com,Research,106675,2020-08-05,San Diego,CA,USA
947,Noah,Smith,noah.smith947@company.com,Marketing,136786,2022-07-09,Los Angeles,AZ,USA
948,Diana,Jones,diana.jones948@company.com,Design,56086,2019-11-16,Houston,CA,USA
949,Jane,Hernandez,jane.hernandez949@company.com,HR,82686,2021-08-05,Houston,TX,USA
950,Noah,Martin,noah.martin950@company.com,Sales,125854,2022-08-10,Chicago,CA,USA
951,Liam,Hernandez,liam.hernandez951@company.com,Operations,148393,2022-04-19,San Jose,CA,USA
952,Ivy,Taylor,ivy.taylor952@company.com,IT,142986,2021-03-19,Philadelphia,AZ,USA
953,Ivy,Williams,ivy.williams953@company.com,Sales,56357,2023-12-12,Philadelphia,CA,USA
954,Henry,Taylor,henry.taylor954@company.com,IT,96172,2023-08-07,Houston,TX,Mexico
955,Bob,Taylor,bob.taylor955@company.com,Operations,131104,2022-12-12,Philadelphia,TX,USA
956,Liam,Lopez,liam.lopez956@company.com,Design,127714,2019-06-04,San Jose,TX,USA
957,Olivia,Johnson,olivia.johnson957@company.com,Research,134889,2021-12-23,Los Angeles,NY,USA
958,Grace,Garcia,grace.garcia958@company.com,Marketing,90465,2019-06-03,San Antonio,TX,USA
959,Henry,Rodriguez,henry.rodriguez959@company.com,HR,49908,2021-09-26,Houston,NY,USA
960,Alice,Garcia,alice.garcia960@company.com,Design,125140,2023-06-18,San Antonio,PA,USA
961,Steve,Miller,steve.miller961@company.com,Operations,80714,2020-03-23,Dallas,PA,USA
962,Quinn,Hernandez,quinn.hernandez962@company.com,HR,107028,2020-05-16,San Antonio,CA,USA
963,Henry,Thomas,henry.thomas963@company.com,Research,58081,2019-02-22,Houston,CA,USA
964,Quinn,Smith,quinn.smith964@company.com,Operations,46716,2023-02-10,Dallas,CA,USA
965,Frank,Brown,frank.brown965@company.com,Design,148288,2019-08-29,Los Angeles,NY,Mexico
966,Frank,Davis,frank.davis966@company.com,IT,97256,2020-05-21,Phoenix,CA,USA
967,Kate,Garcia,kate.garcia967@company.com,HR,139741,2019-03-05,Houston,CA,USA
968,Henry,Martin,henry.martin968@company.com,Marketing,138895,2020-12-25,San Diego,AZ,Mexico
969,Bob,Martinez,bob.martinez969@company.com,Research,106491,2022-03-01,Houston,TX,USA
970,Grace,Hernandez,grace.hernandez970@company.com,Operations,50079,2020-03-16,Philadelphia,IL,USA
971,Noah,Taylor,noah.taylor971@company.com,Sales,127038,2022-01-09,Chicago,AZ,USA
972,Olivia,Brown,olivia.brown972@company.com,Sales,120424,2023-10-28,San Diego,CA,USA
973,Kate,Jones,kate.jones973@company.com,Operations,44057,2021-03-06,Phoenix,NY,USA
974,Liam,Garcia,liam.garcia974@company.com,Marketing,76084,2023-09-28,San Antonio,TX,USA
975,Kate,Rodriguez,kate.rodriguez975@company.com,Design,43125,2023-09-23,Chicago,TX,USA
976,John,Martinez,john.martinez976@company.com,Sales,58456,2022-03-31,New York,TX,USA
977,Liam,Jones,liam.jones977@company.com,Design,94562,2019-05-04,San Antonio,TX,USA
978,Jack,Taylor,jack.taylor978@company.com,IT,101887,2019-08-18,Dallas,TX,USA
979,Charlie,Martin,charlie.martin979@company.com,IT,58330,2020-10-09,Houston,TX,USA
980,Liam,Wilson,liam.wilson980@company.com,Research,117773,2020-10-29,Dallas,CA,USA
981,Rachel,Jackson,rachel.jackson981@company.com,IT,114400,2020-05-13,Houston,NY,Canada
982,Henry,Taylor,henry.taylor982@company.com,Research,78247,2019-04-04,Dallas,CA,USA
983,Grace,Jones,grace.jones983@company.com,Research,145099,2021-05-22,Houston,AZ,USA
984,Frank,Davis,frank.davis984@company.com,Finance,47701,2022-08-15,Dallas,NY,USA
985,Frank,Thomas,frank.thomas985@company.com,Research,133525,2022-07-08,Chicago,PA,USA
986,Quinn,Miller,quinn.miller986@company.com,Sales,53525,2020-08-15,Chicago,NY,USA
987,Henry,Martin,henry.martin987@company.com,Legal,141725,2023-11-14,Dallas,TX,USA
988,Jack,Jackson,jack.jackson988@company.com,Engineering,54043,2020-10-13,San Antonio,CA,USA
989,Steve,Hernandez,steve.hernandez989@company.com,Legal,112666,2020-04-23,Houston,AZ,USA
990,Kate,Rodriguez,kate.rodriguez990@company.com,Marketing,138283,2021-03-19,Houston,TX,USA
991,Ivy,Moore,ivy.moore991@company.com,Research,73063,2023-04-26,Phoenix,CA,USA
992,Mary,Smith,mary.smith992@company.com,Legal,112624,2019-03-06,Dallas,PA,USA
993,Olivia,Gonzalez,olivia.gonzalez993@company.com,IT,134250,2021-05-10,Houston,TX,USA
994,Ivy,Lopez,ivy.lopez994@company.com,Engineering,117277,2023-07-01,Chicago,CA,USA
995,Mary,Johnson,mary.johnson995@company.com,Design,86663,2021-07-02,San Diego,TX,USA
996,Steve,Moore,steve.moore996@company.com,Research,124970,2021-06-06,San Antonio,CA,USA
997,Diana,Jackson,diana.jackson997@company.com,Finance,129492,2019-04-21,Dallas,CA,USA
998,Frank,Hernandez,frank.hernandez998@company.com,Finance,69231,2023-12-05,Dallas,AZ,USA
999,Grace,Miller,grace.miller999@company.com,HR,123226,2021-07-30,Philadelphia,CA,USA
1000,Olivia,Martin,olivia.martin1000@company.com,Operations,90085,2019-07-11,Philadelphia,CA,USA
